,Tên kho,Mã hàng,Tên hàng,ĐVT,Nhóm VTHH,Đơn giá cố định
,,,,,,
,Hàng hóa,101168467,Lipton Nhãn vàng 100 góix36,Hộp,DKSH," 90,494 "
,Hàng hóa,101168468,Lipton Trà xanh SD Tuoi moi 18x25x1.5g,Hộp,DKSH," 32,712 "
,Hàng hóa,101168469,Lipton Trà xanh SD Tuoi moi 12x(50x1.5g),Hộp,DKSH," 56,020 "
,Hàng hóa,101168490,Lipton English Breakfast 18 (25x2.4g),Hộp,DKSH," 51,711 "
,Hàng hóa,101168493,Lipton Nhãn Vàng 50 gói x24,Hộp,DKSH," 56,020 "
,Hàng hóa,101168494,Lipton Nhãn Vàng 25 gói x48,Hộp,DKSH," 32,712 "
,Hàng hóa,101168495,Lipton Trà sữa Oolong 17gx30 hộp,Hộp,DKSH," 39,663 "
,Hàng hóa,101168496,Lipton Trà sữa Matcha 17gx30 hộp,Hộp,DKSH," 39,663 "
,Hàng hóa,101168497,Lipton Vị Xoài 17gx30 hộp,Hộp,DKSH," 32,123 "
,Hàng hóa,101168498,Lipton Ice Tea Chanh 14gx30 hộp,Hộp,DKSH," 32,123 "
,Hàng hóa,101168499,Lipton Ice Tea Đào 14gx30 hộp,Hộp,DKSH," 32,123 "
,Hàng hóa,101168500,Lipton Ice Tea Chanh 16(2x16x14g+BTTL),Bộ,DKSH," 66,275 "
,Hàng hóa,1011685001,Lipton Ice Tea Xoài 16(2x16x14g+BTTL),Bộ,DKSH," 66,275 "
,Hàng hóa,101168501,Lipton Ice Tea Đào 16(2x16x14g+BTTL),Bộ,DKSH," 66,275 "
,Hàng hóa,101168502,Lipton Nhãn Vàng Envelope 100gói,Hộp,DKSH," 158,865 "
,Hàng hóa,101168505,Lipton Ba Tuoc 18x25x2g,Hộp,DKSH," 51,711 "
,Hàng hóa,101186590,Lipton Nhãn Vàng Hexagon 18x30sx2g,Hộp,DKSH," 43,395 "
,Hàng hóa,12N123050195,15M-Lays Muối Nguyên bản 82g 4x10,Gói,POCA," 12,500 "
,Hàng hóa,12S123021195,15M-Lays Sườn BBQ 82g 4x10,Gói,POCA," 12,500 "
,Hàng hóa,12T123025195,15M-Lays Tảo biển 82g 4x10,Gói,POCA," 12,500 "
,Hàng hóa,15M1,Rổ 4T2 - Aba 1.5 kg,Cái,ABA," 10,101 "
,Hàng hóa,15M2,Thau 3T6 - Aba 1.5 kg,Cái,ABA," 10,101 "
,Hàng hóa,1B123039163,10k-Lays Bò nướng x 100 gói,Gói,POCA," 8,300 "
,Hàng hóa,1G123048125,10k-Lays Gà cay HQ x 100 gói,Gói,POCA," 8,300 "
,Hàng hóa,1H123019163,10k-Lays Tôm Trứng muối HK x100 gói,Gói,POCA," 8,300 "
,Hàng hóa,1H123041163T,10k-Lays Tôm x 48 gói Thái,Thùng,POCA," 379,200 "
,Hàng hóa,1M123016163,10k-Lays Phô mai x 100 gói,Gói,POCA," 8,300 "
,Hàng hóa,1M123018163,10k-Lays Mực cay thái x 80 gói,Gói,POCA," 8,300 "
,Hàng hóa,1N123022163,10k-Lays Tự nhiên x 100 gói,Gói,POCA," 8,300 "
,Hàng hóa,1N123041163T,10k-Lays Tự nhiên x 48 gói Thái,Thùng,POCA," 379,200 "
,Hàng hóa,1N123052188,10k-Lays Nấm Truffle 45gx100 gói,Gói,POCA," 8,300 "
,Hàng hóa,1N133022163,10k-Lays Muối nguyên bản x 100gói,Gói,POCA," 8,300 "
,Hàng hóa,1S123002163,10k-Lays Sườn BBQ x 100 gói,Gói,POCA," 8,300 "
,Hàng hóa,1S123041163T,10k-Lays Sườn BBQ x 48 gói Thái,Thùng,POCA," 379,200 "
,Hàng hóa,1T123041163,10k-Lays Tảo biển x 100 gói,Gói,POCA," 8,300 "
,Hàng hóa,1T133041163T,10k-Lays Tảo biển x 48 gói Thái,Thùng,POCA," 379,200 "
,Hàng hóa,1W123051188,10k-Lays Bò Wagyu 45gx100 gói,Gói,POCA," 8,300 "
,Hàng hóa,1X123047163,10k-Lays Cua XO x 100 gói,Gói,POCA," 8,300 "
,Hàng hóa,20B123039152,Lays Thăn Bò nướng 95g 4x10,Gói,POCA," 16,500 "
,Hàng hóa,20B123039153,Lays Bò Wagyu 78g 4x10,Gói,POCA," 16,500 "
,Hàng hóa,20B123039154,Lays Nấm Truffle 78g 4x10,Gói,POCA," 16,500 "
,Hàng hóa,20G123048152,Lays Gà cay Phô mai 95g 4x10,Gói,POCA," 16,500 "
,Hàng hóa,20H123049152,Lays Tôm trứng muối 95g 4x10,Gói,POCA," 16,500 "
,Hàng hóa,20M123205152,Lays Phô Mai 95g 4x10,Gói,POCA," 16,500 "
,Hàng hóa,20N123206152,Lays Tự nhiên Classic 95g 4x10,Gói,POCA," 16,500 "
,Hàng hóa,20N123206200,Lays Muoi Nguyen Ban 95g 4x10,Gói,POCA," 16,500 "
,Hàng hóa,20S123213152,Lays Sườn nướng BBQ 95g 4x10,Gói,POCA," 16,500 "
,Hàng hóa,20T123041152,Lays Tảo biển Nori 95g 4x10,Gói,POCA," 16,500 "
,Hàng hóa,2K12010275,2k-Partyz Tôm hùm x 120 gói,Thùng,POCA," 186,000 "
,Hàng hóa,2KM2,Nồi inox 28cm,Cái,ABA," 147,474 "
,Hàng hóa,3921018,Sua rua mat Bio Gold 100g - 176026923,Tuýp,Bio Essence," 136,000 "
,Hàng hóa,3921019,SUA RUA MAT BIO WHITE 100G,Tuýp,Bio Essence," 116,000 "
,Hàng hóa,3921020,SUA RUA MAT DA DAU BIO RENEW 100G - 176027357,Tuýp,Bio Essence," 145,000 "
,Hàng hóa,3921021,SUA RUA MAT DA KHO THUONG BIO RENEW 100G - 176027340,Tuýp,Bio Essence," 145,000 "
,Hàng hóa,3921022,GELTAY TE BAO CHET BIO RENEW 60G - 176027371,Tuýp,Bio Essence," 258,000 "
,Hàng hóa,3921024,BIO BIRD’S SRM NEST COLLAGEN  100G - 176030562,Tuýp,Bio Essence," 142,000 "
,Hàng hóa,3921026,Bio-essence Bio Water B5 Foamy Cleanser 100g - 176027265,Tuýp,Bio Essence," 136,000 "
,Hàng hóa,3921028,BE SRM BIO-WHITE PRO WHITENING 100G - 176027739,Tuýp,Bio Essence," 146,000 "
,Hàng hóa,3937010,TINH CHAT BIO WHITE 30ML,Chai,Bio Essence," 433,000 "
,Hàng hóa,3937011,TINH CHAT TRE HOA BIO RENEW 40ML - 176027418,Chai,Bio Essence," 449,000 "
,Hàng hóa,3937012,BIO TINH CHẤT BIRD’S NEST COLLAGEN ESSENCE 30G - 176031156,Chai,Bio Essence," 357,500 "
,Hàng hóa,3937013,BIO WATER TINH CHAT VITAMIN B5 30ML - 176027920,Chai,Bio Essence," 528,000 "
,Hàng hóa,3937016,BIO TINH CHAT GOLD DOUBLE SERUM 36G - 176026633,Chai,Bio Essence," 539,000 "
,Hàng hóa,3937017,BE TINH CHAT BIO-WHITE PRO WHITENING 30ML - 176027777,Tuýp,Bio Essence," 570,000 "
,Hàng hóa,3938007,Nuoc duong Bio Gold 150ml - 176026978,Chai,Bio Essence," 391,000 "
,Hàng hóa,3938009,NUOC CAN BANG BIO WHITE 100ML,Chai,Bio Essence," 282,000 "
,Hàng hóa,3938010,NUOC HOA HONG BIO RENEW 100ML - 176027401,Chai,Bio Essence," 270,500 "
,Hàng hóa,3938011,NUOC KHOANG DUONG DA BIO WATER 300ML - 176027173,Chai,Bio Essence," 320,500 "
,Hàng hóa,3938012,NUOC KHOANG DUONG DA BIO WATER 100ML - 176027180,Chai,Bio Essence," 150,500 "
,Hàng hóa,3938013,NUOC KHOANG DUONG DA BIO WATER  30ML,Chai,Bio Essence," 138,500 "
,Hàng hóa,3938014,NUOC TAY TRANG BIO WATER 100ML - 176028057,Chai,Bio Essence," 87,500 "
,Hàng hóa,3938015,NUOC TAY TRANG BIO WATER 400ML - 176027890,Chai,Bio Essence," 233,500 "
,Hàng hóa,3938017,NUOC CAN BANG BIO BIRD'S NEST - 176030586,Chai,Bio Essence," 366,800 "
,Hàng hóa,3938019,NUOC DUONG BIO GOLD ROSE GOLD 100ML - 176026503,Chai,Bio Essence," 415,000 "
,Hàng hóa,3939015,Kem ngay Bio Gold 40g - 176026510,Hủ,Bio Essence," 456,000 "
,Hàng hóa,3939016,Kem dem Bio Gold 40g - 176026527,Hủ,Bio Essence," 456,000 "
,Hàng hóa,3939017,KEM NGAY BIO WHITE 50G,Hủ,Bio Essence," 315,000 "
,Hàng hóa,3939018,KEM DEM BIO WHITE 50G,Hủ,Bio Essence," 315,000 "
,Hàng hóa,3939021,BIO KEM NÂNG CƠ VLIFT FLC BRIGHTENING 45G - 176027319,Hủ,Bio Essence," 457,000 "
,Hàng hóa,3939022,BIO KEM  NGÀY BIRD NEST COLLAGEN  50G - 176030593,Hủ,Bio Essence," 374,500 "
,Hàng hóa,3939023,KEM DUONG AM BIO WATER 50G - 176027906,Hủ,Bio Essence," 368,000 "
,Hàng hóa,3939024,BE KEM NGAY BIO-WHITE PRO WHITENING 50G - 176027791,Hủ,Bio Essence," 431,000 "
,Hàng hóa,3939025,BE KEM DEM BIO-WHITE PRO WHITENING 50G - 176034935,Tuýp,Bio Essence," 431,000 "
,Hàng hóa,3939026,BE KEM TRI NAM BIO-WHITE PRO WHITENING 25G - 176034942,Tuýp,Bio Essence," 359,000 "
,Hàng hóa,3939027,BE CHONG NANG BIO-WHITE PRO WHITENING 40G - 174004266,Tuýp,Bio Essence," 199,000 "
,Hàng hóa,3940005,BIO MAT NA DUONG AM 20ML - 176028347,Miếng,Bio Essence," 24,500 "
,Hàng hóa,3940006,BIO MAT NA DUONG TRANG 20ML - 176028354,Miếng,Bio Essence," 24,500 "
,Hàng hóa,3940007,BIO MAT NA DUONG TRE HOA 20ML - 176028361,Miếng,Bio Essence," 24,500 "
,Hàng hóa,3940011,BIO MẶT NẠ NGỦ NEST COLLAGEN  50G - 176030609,Hủ,Bio Essence," 374,500 "
,Hàng hóa,3940013,BIOTREASURE MẶT NẠ RAU MÁ 20ML - 176032702,Miếng,Bio Essence," 32,000 "
,Hàng hóa,3940015,BIOTREASURE MẶT NẠ VITAMIN C 20ML - 176032726,Miếng,Bio Essence," 32,000 "
,Hàng hóa,3940016,BIO MAT NA CAP AM WATER B5 20ML,Miếng,Bio Essence," 25,000 "
,Hàng hóa,3941003,KEM CHONG NANG BIO WATER 40ML - 176027241,Chai,Bio Essence," 179,000 "
,Hàng hóa,3KM2,Bộ nồi 3 cái,Bộ,ABA," 137,374 "
,Hàng hóa,4065044,Slide BBQ Thịt nướng 100gx14lon,Lon,KINH DO," 26,500 "
,Hàng hóa,4065046,Slide Cheese Phô Mai 100gx14lon,Lon,KINH DO," 26,500 "
,Hàng hóa,4067131,Ritz Kem Phô mai 160gx10hop,Hộp,KINH DO," 31,500 "
,Hàng hóa,4071196,XHS_Hạt sen Hạt CHIA 150g,Cái,MOON CAKES," 68,000 "
,Hàng hóa,4073887,OREO2_BTT OREO 2 Bánh - 4073887,Hộp,MOON CAKES," 180,000 "
,Hàng hóa,4076972,KD Bánh Quy Mứt Nho 450gx10 Túi,Túi,KINH DO," 38,000 "
,Hàng hóa,4084983,Solite cuộn kem lá dứa 288grx12H,Hộp,KINH DO," 37,000 "
,Hàng hóa,4085403,Solite cuộn kem socola 360grx12Khay,KHAY,KINH DO," 36,400 "
,Hàng hóa,4085735,Cosy bánh quy mứt dâu 240gx12Hop,Hộp,KINH DO," 34,400 "
,Hàng hóa,4085741,COSY Bánh quy Marie Dừa 144grX24gói,Gói,KINH DO," 14,300 "
,Hàng hóa,4085743,COSY Bánh quy Marie 144grX24gói,Gói,KINH DO," 14,300 "
,Hàng hóa,4085744,Cosy Bánh quy Marie 192grx16Hop,Hộp,KINH DO," 21,000 "
,Hàng hóa,4085746,COSY Marie banh quy 336grx10H,Hộp,KINH DO," 36,000 "
,Hàng hóa,4086368,Solite cuộn kem lá dứa 360grx12Khay,KHAY,KINH DO," 36,400 "
,Hàng hóa,4086376,Solite tròn kem dứa 360gx12K,KHAY,KINH DO," 39,000 "
,Hàng hóa,4086380,Solite cuộn kem dâu 360grx12Khay,KHAY,KINH DO," 36,400 "
,Hàng hóa,4086386,Solite tròn kem dâu 360gx12K,KHAY,KINH DO," 39,000 "
,Hàng hóa,4086394,Solite cuộn kem sữa 360grx12Khay,KHAY,KINH DO," 36,400 "
,Hàng hóa,4086397,Solite tròn kem sữa 360gx12K,KHAY,KINH DO," 39,000 "
,Hàng hóa,4086399,Solite tròn kem bơ sữa 276grx10H,Hộp,KINH DO," 42,000 "
,Hàng hóa,4087715,COSY Marie banh quy 576grx8H,Hộp,TET," 63,900 "
,Hàng hóa,4087721,HNX_TV Hồng Ngọc Tâm An 4BX120g - 4087721,Hộp,MOON CAKES," 560,000 "
,Hàng hóa,4087723,HNAB_TV Hồng Ngọc An Bình 4BX160g - 4087723,Hộp,MOON CAKES," 560,000 "
,Hàng hóa,41KM1,Giỏ hoa đứng có nắp,Cái,ABA," 79,797 "
,Hàng hóa,41KM3,Xô 20L có nắp,Cái,ABA," 35,353 "
,Hàng hóa,4231083,A1_Nấm đông cô sốt rượu 150g,Cái,MOON CAKES," 79,000 "
,Hàng hóa,4231084,61_Đậu xanh 1TR 150g,Cái,MOON CAKES," 62,000 "
,Hàng hóa,4231092,5_Hạt sen dừa tươi 2TR 210g,Cái,MOON CAKES," 102,000 "
,Hàng hóa,4231093,6_Đậu xanh hạt dưa 2TR 210g,Cái,MOON CAKES," 98,000 "
,Hàng hóa,4231094,7_Sữa dừa hạt dưa 2TR 210g,Cái,MOON CAKES," 95,000 "
,Hàng hóa,4231095,T_Hạt sen Trà xanh 2TR 210g,Cái,MOON CAKES," 102,000 "
,Hàng hóa,4231096,L_Đậu xanh lá dứa 2TR 210g,Cái,MOON CAKES," 98,000 "
,Hàng hóa,4231097,M_Khoai môn hạt sen 2TR 210g,Cái,MOON CAKES," 98,000 "
,Hàng hóa,4231098,R_Đậu đỏ kiểu nhật 2TR 210g,Cái,MOON CAKES," 95,000 "
,Hàng hóa,4231099,51_Hạt sen 1TR 150g,Cái,MOON CAKES," 65,000 "
,Hàng hóa,4231100,71_Sữa dừa 1TR 150g,Cái,MOON CAKES," 62,000 "
,Hàng hóa,4231101,L1_Đậu xanh lá dứa 1TR 150g,Cái,MOON CAKES," 65,000 "
,Hàng hóa,4231102,M1_Khoai môn 1TR 150g,Cái,MOON CAKES," 62,000 "
,Hàng hóa,4231103,R1_Đậu đỏ 1TR 150g,Cái,MOON CAKES," 62,000 "
,Hàng hóa,4231110,92_Dẻo hạt sen 1TR 180g,Cái,MOON CAKES," 60,000 "
,Hàng hóa,4231111,93_Dẻo Đậu xanh 1TR 180g,Cái,MOON CAKES," 60,000 "
,Hàng hóa,4231112,95_Dẻo hạt sen 0TR 180g,Cái,MOON CAKES," 55,000 "
,Hàng hóa,4231113,96_Dẻo Đậu xanh 0TR 180g,Cái,MOON CAKES," 55,000 "
,Hàng hóa,4231119,2_Gà quay X.O 2TR 210g,Cái,MOON CAKES," 137,000 "
,Hàng hóa,4231120,3_Jambon Xá xíu 2TR 210g,Cái,MOON CAKES," 122,000 "
,Hàng hóa,4231121,4_Lạp xưởng ngũ hạt 2TR 210g,Cái,MOON CAKES," 122,000 "
,Hàng hóa,4231122,21_Gà quay Jambon 1TR 150g,Cái,MOON CAKES," 79,000 "
,Hàng hóa,4231123,31_Thập cẩm jambon 1TR 150g,Cái,MOON CAKES," 73,000 "
,Hàng hóa,4231124,41_Thập cẩm lạp xưởng 1TR 150g,Cái,MOON CAKES," 73,000 "
,Hàng hóa,4231126,KD SW Bơ Đậu Phộng 40grx60G (LÁT),Gói,TƯƠI KINH ĐÔ," 3,920 "
,Hàng hóa,4231354,40_Thập cẩm lạp xưởng 0TR 150g,Cái,MOON CAKES," 68,000 "
,Hàng hóa,4231355,60_Đậu xanh 0TR 150g,Cái,MOON CAKES," 57,000 "
,Hàng hóa,4231358,24_Gà quay X.O 4TR 800g,Hộp,MOON CAKES," 390,000 "
,Hàng hóa,4231362,XTX_Trà xanh hạt Macadamia 150g,Cái,MOON CAKES," 68,000 "
,Hàng hóa,4231363,XDX_Đậu xanh hạnh nhân 150g,Cái,MOON CAKES," 68,000 "
,Hàng hóa,4231441,XMD_Mè đen hạt dưa 150g,Cái,MOON CAKES," 68,000 "
,Hàng hóa,4231450,Koko Choco 138g (20 hop),Hộp,TET," 43,000 "
,Hàng hóa,4231487,99_Dẻo Sầu riêng 0TR 180g,Cái,MOON CAKES," 55,000 "
,Hàng hóa,4231501,HNG_Hồng Ngọc An Lành Xanh (4 Bánh) - 4231501,Hộp,MOON CAKES," 610,000 "
,Hàng hóa,4231502,HNXD Hồng ngọc An Nhiên Xanh Dương (4 Bánh) - 4231502,Hộp,MOON CAKES," 610,000 "
,Hàng hóa,4231566,PLX6_TV Pha Lê Vạn Phúc (Xanh) - 4231566,Hộp,MOON CAKES," 1,000,000 "
,Hàng hóa,4231567,SR1_Sầu riêng 1TR 150g,Cái,MOON CAKES," 65,000 "
,Hàng hóa,4231643,Slide Tự nhiên 75grx28lon,Lon,KINH DO," 21,500 "
,Hàng hóa,4231644,Slide Kem hành 75grx28lon,Lon,KINH DO," 21,500 "
,Hàng hóa,4231645,Slide BBQ Thịt nướng 75grx28lon,Lon,KINH DO," 21,500 "
,Hàng hóa,4231646,Slide Thơm Cay 75grx28 lon,Lon,KINH DO," 21,500 "
,Hàng hóa,4231647,Slide Tự Nhiên 160gx14lon,Lon,KINH DO," 35,500 "
,Hàng hóa,4231648,Slide Kem hành 160gx14lon,Lon,KINH DO," 35,500 "
,Hàng hóa,4231649,Slide BBQ Thịt nướng 160grx14lon,Lon,KINH DO," 35,500 "
,Hàng hóa,4231650,Slide Thơm Cay160gx14 lon,Lon,KINH DO," 35,500 "
,Hàng hóa,4231662,Slide Cheese Phô mai 160grx14lon,Lon,KINH DO," 35,500 "
,Hàng hóa,4231663,Slide Phô mai 75grx28lon,Lon,KINH DO," 21,500 "
,Hàng hóa,4231671,Slide Tự nhiên 100gx14lon,Lon,KINH DO," 26,500 "
,Hàng hóa,4231673,Slide Thơm Cay 100gx14lon,Lon,KINH DO," 26,500 "
,Hàng hóa,4231826,LU Pháp Beurre 600grx10hop HT,Hộp,TET," 229,000 "
,Hàng hóa,4231838,B_Bào ngư 2TR 210g,Cái,MOON CAKES," 167,000 "
,Hàng hóa,4231841,HV_Heo Vàng phô mai 120g,Cái,MOON CAKES," 60,000 "
,Hàng hóa,4252743,COSY banh quy bo TC socola 546gx6HT TET,Hộp,TET," 141,000 "
,Hàng hóa,4253218,Mini Oreo Original 6x20.4g MSTVH,Hộp,KINH DO," 44,000 "
,Hàng hóa,4253219,Mini Oreo Vani 61.3grx24H,Hộp,KINH DO," 17,000 "
,Hàng hóa,4254966,AFC 350GR X 8H TET,Hộp,TET," 64,000 "
,Hàng hóa,4256785,Oreo socola pie 6x30grx12Hop,Hộp,KINH DO," 26,500 "
,Hàng hóa,4256786,Oreo socola pie 360grx8Hop,Hộp,KINH DO," 48,500 "
,Hàng hóa,4257568,AFC Lúa mì 100grx36hop,Hộp,KINH DO," 11,800 "
,Hàng hóa,4257569,AFC Lua mi 200GR x 16H,Hộp,KINH DO," 23,000 "
,Hàng hóa,4257572,AFC Rau 100grx36hop,Hộp,KINH DO," 11,800 "
,Hàng hóa,4257573,AFC Rau 200grx16hop,Hộp,KINH DO," 23,000 "
,Hàng hóa,4257576,AFC Tảo biển 200grx16H,Hộp,KINH DO," 23,000 "
,Hàng hóa,4257577,AFC Bò bít tết 200grx16hop,Hộp,KINH DO," 23,000 "
,Hàng hóa,4257637,Ritz Kem Phô mai Sandwich 118grx24Cây,Cây,KINH DO," 13,800 "
,Hàng hóa,4261935,COSY bánh quế dâu 135grx24goi,Gói,KINH DO," 11,500 "
,Hàng hóa,4261941,COSY bánh quế cam 135grx24goi,Gói,KINH DO," 11,500 "
,Hàng hóa,4261942,COSY bánh quế dứa 135grx24goi,Gói,KINH DO," 11,500 "
,Hàng hóa,4261943,COSY bánh quế choco 135grx24goi,Gói,KINH DO," 11,500 "
,Hàng hóa,4261945,COSY bánh quế thập cẩm 135grx24goi,Gói,KINH DO," 11,500 "
,Hàng hóa,4261947,Oreo Vani Wafer Roll 54grx20Hop,Hộp,KINH DO," 9,500 "
,Hàng hóa,4261955,Oreo Bánh quế Choco Wafer Roll 54grx20Hop,Hộp,KINH DO," 9,500 "
,Hàng hóa,4262025,T1_Hạt sen trà xanh 1TR 150g,Cái,MOON CAKES," 65,000 "
,Hàng hóa,4262194,Cosy Bánh quy Wonderfuls Hạt Điều&Bơ 168grx24Hop,Hộp,KINH DO," 19,500 "
,Hàng hóa,4262196,Cosy Bánh quy Wonderfuls Hạt Điều&Bơ 84gx 48h,Hộp,KINH DO," 10,000 "
,Hàng hóa,4263436,HKD_TV Hoàng Kim Vinh Hiển Đỏ 4Bx160g+Trà - 4263436,Hộp,MOON CAKES," 1,300,000 "
,Hàng hóa,4263438,HKV_TV Hoàng Kim Vinh Hoa Vàng 4Bx160g+Trà - 4263438,Hộp,MOON CAKES," 1,300,000 "
,Hàng hóa,4263439,HND_TV Hồng Ngọc An Thịnh Đỏ 4Bx160g - 4263439,Hộp,MOON CAKES," 760,000 "
,Hàng hóa,4263440,HNV_TV Hồng Ngọc An Phú Vàng 4Bx160g - 4263440,Hộp,MOON CAKES," 760,000 "
,Hàng hóa,4264085,G4_TV Black&Gold 4Bx160g+Trà - 4264085,Hộp,MOON CAKES," 1,500,000 "
,Hàng hóa,4264086,G2_TV Black&Gold 2Bx160g+Trà - 4264086,Hộp,MOON CAKES," 610,000 "
,Hàng hóa,4264345,COSY banh quy bo TC socola 336gx12HG TET ( DO ),Hộp,TET," 65,000 "
,Hàng hóa,4264347,COSY banh quy bo TC rac hat 336gx12HGTET ( VANG ),Hộp,TET," 65,000 "
,Hàng hóa,4264765,Solite cuon kem la dua+dau 324grx10H TET,Hộp,TET," 62,000 "
,Hàng hóa,4264766,Solite tron kem bo sua+dau 324grx10H TET,Hộp,TET," 62,000 "
,Hàng hóa,4265305,KC_TV Black&Gold Kim cương 6Bx160g+Trà - 4265305,Hộp,MOON CAKES," 4,900,000 "
,Hàng hóa,4269891,OREO socola pie 60grx48H,Hộp,KINH DO," 9,810 "
,Hàng hóa,4274269,KD BBL Bơ Nho 38grx120g (LAN NHO),Gói,TƯƠI KINH ĐÔ," 4,200 "
,Hàng hóa,4274271,KD BMT Gà xốt thái cay 60grx6x12g (GÀ),Gói,TƯƠI KINH ĐÔ," 9,000 "
,Hàng hóa,4275543,Slide Tự Nhiên 90gx28 LON PROMOTION,Lon,KINH DO," 21,500 "
,Hàng hóa,4275544,Slide BBQ Thịt Nướng 90gx28 LON PROMOTION,Lon,KINH DO," 21,500 "
,Hàng hóa,4275545,Slide Hot & Spicy 90gx28 LON PROMOTION,Lon,KINH DO," 21,500 "
,Hàng hóa,4275855,THU3H-Hộp BTT Như Ý 3 Bánh-Hồng - 4275855,Hộp,MOON CAKES," 280,000 "
,Hàng hóa,4275856,86_Dẻo Đậu xanh Hạt dưa 0TR 230g,Cái,MOON CAKES," 70,000 "
,Hàng hóa,4275859,THU6X-Hộp BTT Như Ý 6 Bánh-Xanh - 4275859,Hộp,MOON CAKES," 480,000 "
,Hàng hóa,4275860,THU6H- Hộp BTT Như Ý 6 Bánh-Hồng - 4275860,Hộp,MOON CAKES," 480,000 "
,Hàng hóa,4275861,THU3X- Hộp BTT Như Ý 3 Bánh-Xanh - 4275861,Hộp,MOON CAKES," 280,000 "
,Hàng hóa,4275863,82_Dẻo Hạt Sen Hạt dưa 1TR 230g,Cái,MOON CAKES," 75,000 "
,Hàng hóa,4275866,85_Dẻo Hạt sen Hạt dưa 0TR 230g,Cái,MOON CAKES," 70,000 "
,Hàng hóa,4275867,83_Dẻo Đậu xanh hạt dưa 1TR 230g,Cái,MOON CAKES," 75,000 "
,Hàng hóa,4276009,Solite tầng kem bơ sữa 374grx10gói,KHAY,KINH DO," 41,000 "
,Hàng hóa,4277591,AFC Caramel Flan 300grx16Hop,Hộp,KINH DO," 37,400 "
,Hàng hóa,4277592,AFC Caramel Flan 125grx36Hop,Hộp,KINH DO," 17,700 "
,Hàng hóa,4277593,LU Bánh quy bơ thập cẩm 540grx6hop,Hộp,TET," 155,000 "
,Hàng hóa,4277668,LU Bánh quy bơ thập cẩm 708grx6hop HT,Hộp,TET," 195,000 "
,Hàng hóa,4277669,LU Bánh quy bơ thập cẩm 310grx12hop HT,Hộp,TET," 100,000 "
,Hàng hóa,4277670,LU Bánh quy bơ thập cẩm 180grx18H HT,Hộp,TET," 55,000 "
,Hàng hóa,4278013,Solite tang kem cam 102gx12H,KHAY,KINH DO," 14,000 "
,Hàng hóa,4278028,Solite tầng kem cam 238grx12gói,KHAY,KINH DO," 29,000 "
,Hàng hóa,4278067,COSY banh quy bo TC 602gx6HT TET,Hộp,TET," 125,000 "
,Hàng hóa,4278240,KD BBL Hạt socola 50grx10x12g ( LAN SÔ),Gói,TƯƠI KINH ĐÔ," 5,200 "
,Hàng hóa,4278243,KD BMT Nhân Bò 70grx80 (BÒ),Gói,TƯƠI KINH ĐÔ," 8,000 "
,Hàng hóa,4278245,KD BMT 3 Múi Bơ Sữa 90grx50g,Gói,TƯƠI KINH ĐÔ," 6,800 "
,Hàng hóa,4278453,KD BMT Pizza XX Phô Mai 70grx60G (PIZZA),Gói,TƯƠI KINH ĐÔ," 8,830 "
,Hàng hóa,4278500,KD BMT KO Nhân Socola 40gx140gói ( KO NHÂN SÔ),Gói,TƯƠI KINH ĐÔ," 3,200 "
,Hàng hóa,4278501,KD BMT Lá Dứa 40grx140Gói (DỨA),Gói,TƯƠI KINH ĐÔ," 3,200 "
,Hàng hóa,4278503,KD BMT Siêu Mềm Bơ Sữa 55grx80g (MỀM SỮA),Gói,TƯƠI KINH ĐÔ," 5,700 "
,Hàng hóa,4278504,KD BMT Siêu Mềm Socola 55grx80g (MỀM SÔ),Gói,TƯƠI KINH ĐÔ," 5,700 "
,Hàng hóa,4278506,KD BMT Chà Bông 80grx50g (CHÀ BÔNG),Gói,TƯƠI KINH ĐÔ," 8,540 "
,Hàng hóa,4278520,KD BBL Tròn Cam 50grx120g (LAN CAM),Gói,TƯƠI KINH ĐÔ," 5,200 "
,Hàng hóa,4278537,KD SW Chà Bông 50grx64g (CHÀ BÔNG),Gói,TƯƠI KINH ĐÔ," 4,700 "
,Hàng hóa,4278872,Oreo Bánh quy Berry Việt quất 123.5grx24hop,Cây,KINH DO," 13,300 "
,Hàng hóa,4278961,Oreo Bánh quy Chocolate123.5grx24hop,Cây,KINH DO," 13,300 "
,Hàng hóa,4278962,Oreo Bánh quy Vani 123.5grx24hop,Cây,KINH DO," 13,300 "
,Hàng hóa,4278989,Oreo Bánh quy Dâu 123.5grx24hop,Cây,KINH DO," 13,300 "
,Hàng hóa,4279731,Oreo Birthday Sprinkles 123.5grx24,Cây,KINH DO," 13,300 "
,Hàng hóa,4280786,COSY Bánh quy Marie 144grX24gói PACK - SEA,Gói,KINH DO," 14,300 "
,Hàng hóa,4280824,"Pocket SW Mojo 58,5grX60Bag",Gói,TƯƠI KINH ĐÔ," 12,000 "
,Hàng hóa,4280825,Pocket SW Mojo 117grX36Bag,Gói,TƯƠI KINH ĐÔ," 22,000 "
,Hàng hóa,4281386,Slide Gà nướng 160grx14lon,Lon,KINH DO," 35,500 "
,Hàng hóa,4281387,Slide Gà nướng 75gx28lon,Lon,KINH DO," 21,500 "
,Hàng hóa,4281388,Oreo Bánh quy kem Vani 313.5grx12Hop,Hộp,KINH DO," 38,300 "
,Hàng hóa,4281721,COSY Bánh quy Marie 136gX24gói KM,Gói,KINH DO," 14,300 "
,Hàng hóa,4281726,Cosy Bánh quy Marie 192grx16Hop KM,Hộp,KINH DO," 21,000 "
,Hàng hóa,4281727,COSY Marie banh quy 240gr x 16T KM,Túi,KINH DO," 22,600 "
,Hàng hóa,4281728,COSY Marie banh quy 272grx16G KM,Gói,KINH DO," 26,000 "
,Hàng hóa,4281729,Cosy Bánh quy Marie 408grx12Goi KM,Gói,KINH DO," 36,000 "
,Hàng hóa,4281730,COSY Marie banh quy 336grx10H KM,Gói,KINH DO," 36,000 "
,Hàng hóa,4281733,COSY Marie banh quy 528grx8G KM,Gói,KINH DO," 47,200 "
,Hàng hóa,4281734,COSY bánh quế cam 135grx24goi,Gói,KINH DO," 11,500 "
,Hàng hóa,4281736,COSY bánh quế choco 135grx24goi,Gói,KINH DO," 11,500 "
,Hàng hóa,4281767,COSY bánh quế thập cẩm 135grx24goi,Gói,KINH DO," 11,500 "
,Hàng hóa,4281943,COSY Bánh quy Marie 136gX24gói,Gói,KINH DO," 14,300 "
,Hàng hóa,4281944,COSY Marie banh quy 272grx16G ,Gói,KINH DO," 26,000 "
,Hàng hóa,4281945,Cosy Bánh quy Marie 408grx12Goi,Gói,KINH DO," 36,000 "
,Hàng hóa,4281946,Cosy Bánh quy Marie 528grx8Goi,Gói,KINH DO," 49,000 "
,Hàng hóa,4282373,COSY Bánh quy Marie Dừa 136grX24gói,Gói,KINH DO," 14,300 "
,Hàng hóa,4282374,KD BMT Không Nhân Sữa 80grx45gói,Gói,TƯƠI KINH ĐÔ," 7,000 "
,Hàng hóa,4299263,Snack Cua Xanh 29grx60goi,Gói,KINH DO," 4,800 "
,Hàng hóa,4299348,KD BMT Ổ Dài Bơ Sữa 80grx70gói (DÀI SỮA),Gói,TƯƠI KINH ĐÔ," 7,000 "
,Hàng hóa,4299349,KD BMT Ổ Dài Socola 80grx70goi (DÀI SÔ),Gói,TƯƠI KINH ĐÔ," 7,000 "
,Hàng hóa,4300331,KD BMT Ổ Dài Khoai Môn 80grx70Gói (DÀI MÔN),Gói,TƯƠI KINH ĐÔ," 7,000 "
,Hàng hóa,4300974,OREO STRAWBERRY CREAM 24X119.6G VN TH	,Cây,KINH DO," 13,300 "
,Hàng hóa,4300978,Oreo VANILLA 24 X 119.6G VN TH,Cây,KINH DO," 13,300 "
,Hàng hóa,4300979,Oreo CHOCOLATE 24 X 119.6G VN TH,Cây,KINH DO," 13,300 "
,Hàng hóa,4300981,Oreo BBERRY IC 24 X 119.6G,Cây,KINH DO," 13,300 "
,Hàng hóa,4301021,GYS_TV Black&Gold Yến Sào 4Bx160g+Trà - 4301021,Hộp,MOON CAKES," 2,500,000 "
,Hàng hóa,4301022,HNHT-TV Hồng Ngọc Hưng Thịnh 6x80g - 4301022,Hộp,MOON CAKES," 560,000 "
,Hàng hóa,4301105,T6-Thu Tuyết - 6 Bánh - 4301105,Hộp,MOON CAKES," 480,000 "
,Hàng hóa,4301106,T3-Thu Tuyết - 3 Bánh - 4301106,Hộp,MOON CAKES," 280,000 "
,Hàng hóa,4301108,HNHP-TV Hồng Ngọc Hưng Phú 8Bx80g - 4301108,Hộp,MOON CAKES," 760,000 "
,Hàng hóa,4301431,COSY bánh quế Xoài Xí Muội 126grx24goi,Gói,KINH DO," 11,500 "
,Hàng hóa,4301510,Solite tròn kem bơ sữa 288grx10H,Hộp,KINH DO," 42,000 "
,Hàng hóa,4301511,Solite tròn kem bơ sữa 144gx12H,KHAY,KINH DO," 22,000 "
,Hàng hóa,4302120,COSY BANH QUE CHOCO 126GX24 GOI,Gói,KINH DO," 11,500 "
,Hàng hóa,4302121,COSY BANH QUE DUA 126GX24 GOI,Gói,KINH DO," 11,500 "
,Hàng hóa,4302122,COSY BANH QUE DAU 126GX24 GOI,Gói,KINH DO," 11,500 "
,Hàng hóa,4302166,COSY bánh quế thập cẩm 126grx24goi,Gói,KINH DO," 11,500 "
,Hàng hóa,4302350,OREO PIE SOCOLA DAU 360grx8Hop,Hộp,KINH DO," 52,000 "
,Hàng hóa,4303404,HOP QUA TET HAMPER I X 6H TET23 ( 727.2 G ),Hộp,TET," 145,000 "
,Hàng hóa,4303497,OREO VANILLA RED PPB 303.6G X 12HOP,Hộp,TET," 38,300 "
,Hàng hóa,4303499,COSY BANH QUE THAP CAM TET 378GX8HOP,Hộp,TET," 46,000 "
,Hàng hóa,4303501,HOP QUA TET HAMPER V X 8HOP (748G),Hộp,TET," 115,000 "
,Hàng hóa,4303502,HOP QUA TET HAMPER III X3HOP (1369.3 ),Hộp,TET," 255,000 "
,Hàng hóa,4303503,HOP QUA TET HAMPER II X 3HOP ( 1081G ),Hộp,TET," 25,000 "
,Hàng hóa,4303508,AFC TC 375GR X 10H HG LUC GIAC TET23,Hộp,TET," 85,000 "
,Hàng hóa,4303509,OREO PIE CHOCO&DAU 480GRX10H TET23,Hộp,TET," 93,000 "
,Hàng hóa,4303510,OREO SELECTION 331.2GX10 VN TET23,Hộp,TET," 128,000 "
,Hàng hóa,4303511,SOLITE TET BLTANG DAU+ CAM 238GX10,Hộp,TET," 52,000 "
,Hàng hóa,4303933,KD BMT SIEU MEM SOCOLA 55GR X 60G ( MỀM SÔ ),Gói,TƯƠI KINH ĐÔ," 5,700 "
,Hàng hóa,4303934,KD SW CHA BONG 50GR X 80G ( LÁT CB ),Gói,TƯƠI KINH ĐÔ," 4,700 "
,Hàng hóa,4303936,KD BMT SIEU MEM BO SUA 55GR X 60G ( MỀM SỮA ),Gói,TƯƠI KINH ĐÔ," 5,700 "
,Hàng hóa,4303939,KD BMT O DAI BO SUA 80GR X 50G ( DÀI BƠ ),Gói,TƯƠI KINH ĐÔ," 7,000 "
,Hàng hóa,4303940,KD BMT O DAI SOCOLA 80GR X 50G ( DÀI SÔ ),Gói,TƯƠI KINH ĐÔ," 7,000 "
,Hàng hóa,4303941,KD BMT O DAI KHOAI MON 80GR X 50G ( DÀI MÔN),Gói,TƯƠI KINH ĐÔ," 7,000 "
,Hàng hóa,4303942,KD BMT 3 MUI BO SUA 90GR X 30G ( 3 MÚI SỮA ),Gói,TƯƠI KINH ĐÔ," 6,800 "
,Hàng hóa,4303945,KD BMT LA DUA 40GR X 90G (DỨA),Gói,TƯƠI KINH ĐÔ," 3,200 "
,Hàng hóa,4304159,KD SW BO DAU PHONG 40GR X 80G( LÁT ĐẬU),Gói,TƯƠI KINH ĐÔ," 3,920 "
,Hàng hóa,4304161,KD BMT TRON XE NHAN BO 70GR X 50G,Gói,TƯƠI KINH ĐÔ," 8,000 "
,Hàng hóa,4304162,KD BMT CHA BONG 80GR X 30G,Gói,TƯƠI KINH ĐÔ," 8,540 "
,Hàng hóa,4304164,KD BMT O KHONG NHAN SUA 80GR x 40G,Gói,TƯƠI KINH ĐÔ," 7,000 "
,Hàng hóa,4304165,KD BMT SOT PIZZA XX PHO MAI 70GR X 40G,Gói,TƯƠI KINH ĐÔ," 8,830 "
,Hàng hóa,4304166,KD BMT GA XOT THAI CAY 60GR X 60		,Gói,TƯƠI KINH ĐÔ," 9,000 "
,Hàng hóa,4304167,KD BBL HAT SOCOLA 50GR X 80G ( LAN SÔ),Gói,TƯƠI KINH ĐÔ," 5,200 "
,Hàng hóa,4304738,KD BBL TRON CAM 50GR X 80 G (LAN CAM),Gói,TƯƠI KINH ĐÔ," 5,200 "
,Hàng hóa,45BK1,Quạt đứng CN,Cái,ABA," 161,606 "
,Hàng hóa,45M1,Quạt treo,Cái,ABA," 155,545 "
,Hàng hóa,45M10,Nồi Nhôm có nắp 32cm,Bộ,ABA," 132,323 "
,Hàng hóa,45M2,Thau 5T3 - Aba 4.5 kg,Cái,ABA," 35,555 "
,Hàng hóa,45M3,Lau nhà inox,Bộ,ABA," 132,323 "
,Hàng hóa,45M7,Sọt O3 - Aba 4.5 kg,Cái,ABA," 25,252 "
,Hàng hóa,5B120103151,5k-Poca Bò lúc lắc x 80 gói,Gói,POCA," 3,700 "
,Hàng hóa,5B120132151,5k-Poca Bắp ngọt x 80 gói,Gói,POCA," 3,700 "
,Hàng hóa,5B120139167,5k-Poca Bí đỏ x 80 gói,Gói,POCA," 3,700 "
,Hàng hóa,5G120124151,5k-Poca Gà Quay x 80 gói,Gói,POCA," 3,700 "
,Hàng hóa,5M120118151,5k-Poca Mực lăn x 80 gói,Gói,POCA," 3,700 "
,Hàng hóa,5M12013683,5k-Poca Mực cay ĐB x 80 gói,Gói,POCA," 3,700 "
,Hàng hóa,5PT120501121,5k-Poca Phồng Tôm x 80 gói,Gói,POCA," 3,700 "
,Hàng hóa,5Q120137160,5k-Poca Que giòn BBQ x 80 gói,Gói,POCA," 3,700 "
,Hàng hóa,5Q120138160,5k-Poca Que Phô mai x 80 gói,Gói,POCA," 3,700 "
,Hàng hóa,5T120102151,5k-Poca Tôm Hùm x 80 gói,Gói,POCA," 3,700 "
,Hàng hóa,6139010,BE XỊT KHOÁNG 100ML+ XỊT KHOÁNG 30ML,Chai,Bio Essence," 150,500 "
,Hàng hóa,6139011,HOP QUA KEM DUONG VITAMIN B5 GEL + 1 MINI,Hộp,Bio Essence," 382,000 "
,Hàng hóa,6139012,HOP QUA TINH CHAT VITAMIN B5 GEL +2MINI,Hộp,Bio Essence," 528,000 "
,Hàng hóa,6139013,BIO HOP QUA KEM DUONG GOLD+30ML GOLD,Hộp,Bio Essence," 456,000 "
,Hàng hóa,6139014,BIO HOP QUA KEM DUONG GOLD DEM+30ML ROSE,Hộp,Bio Essence," 456,000 "
,Hàng hóa,6139015,BIO KEM NÂNG CƠ VLIFT 450G+ SRM 100G,Hộp,Bio Essence," 457,000 "
,Hàng hóa,6139016,BIO GEL TAY TBC RENEW 60G+BIO SRM WATER 30G,Hộp,Bio Essence," 237,500 "
,Hàng hóa,6139017,BIOKEM BIRD'S NEST 50G+T.CHAT BIRD'S NEST 5G,Hộp,Bio Essence," 374,500 "
,Hàng hóa,6139018,BIO KEM C.NANG WATER 40ML+T TRANG WATER 30G,Hộp,Bio Essence," 179,000 "
,Hàng hóa,6139019, Bio Water B5 Foamy Cleanser 100g+ TẨY TRANG 30G,Tuýp,Bio Essence," 136,000 "
,Hàng hóa,6139020,BIO T.TRANG WATER 100G+ SRM WATER 30G,Chai,Bio Essence," 87,500 "
,Hàng hóa,6139021,BIO GEL DUONG WATER 50G+SRM WATER 30G,Hủ,Bio Essence," 382,000 "
,Hàng hóa,6139022,BIO WATER SRM 30G+T.TRA 30G+XIT 30ML+T.CH 5ML,Hộp,Bio Essence," 160,000 "
,Hàng hóa,6139023,Bio-essence Box 3 gold Rose gold Water 30ml,Hộp,Bio Essence," 290,000 "
,Hàng hóa,65/30cc,mì 3 miền chua cay 65g,Thùng,, 0 
,Hàng hóa,6B123039028,6k-Lays Thăn bò x 160 gói,Gói,POCA," 5,000 "
,Hàng hóa,6G123048017,6k-Lays Gà Cay HQ x 160 gói,Gói,POCA," 5,000 "
,Hàng hóa,6H23002024,6k-Lays Tôm Trứng muối Hkx160 gói,Gói,POCA," 5,000 "
,Hàng hóa,6H33013025T,6k-Lays Tôm hải sản  x 30 gói Thái,Thùng,POCA," 144,000 "
,Hàng hóa,6KM3,Thau inox 5t,Cái,ABA," 88,000 "
,Hàng hóa,6M123035024,6k-Lays Phô mai x 160 gói,Gói,POCA," 5,000 "
,Hàng hóa,6N123020024,6k-Lays Tự nhiên x 160 gói,Gói,POCA," 5,000 "
,Hàng hóa,6N123020024T,6k-Lays Tự nhiên x 30 gói Thái,Thùng,POCA," 144,000 "
,Hàng hóa,6N123050017,6k-Lays Muối nguyên bản x 160 gói,Gói,POCA," 5,000 "
,Hàng hóa,6S123013024,6k-Lays Sườn BBQ x 160 gói,Gói,POCA," 5,000 "
,Hàng hóa,6S123013024T,6k-Lays Sườn BBQ x 30 gói Thái,Thùng,POCA," 144,000 "
,Hàng hóa,6T123041024,6k-Lays Tảo biển x 160 gói,Gói,POCA," 5,000 "
,Hàng hóa,6T133013024T,6k-Lays Tảo x 30 gói Thái,Thùng,POCA," 144,000 "
,Hàng hóa,6X123047172,6k-Lays Cua sốt XO x 160 gói,Gói,POCA," 5,000 "
,Hàng hóa,7BG,Bếp Gas,Cái,ABA," 120,192 "
,Hàng hóa,8936199810033,CÀ PHÊ SỮA ĐÁ (10 GÓI X 22G)  ( 32 hộp/thùng),Hộp,CF," 33,684 "
,Hàng hóa,8936199810033-1/1,CÀ PHÊ SỮA ĐÁ (10 GÓI X 22G)  ( 32 hộp/thùng)1/1,Hộp,CF," 20,000 "
,Hàng hóa,8936199810064,CÀ PHÊ SỮA ĐÁ MILK COFFEE 180ML (24lon/thùng),Lon,CF," 9,545 "
,Hàng hóa,8936199810088,CÀ PHÊ HOÀ TAN SỮA ĐÁ TCH  (16 túi/ thùng),Túi,CF," 75,789 "
,Hàng hóa,8936199810200,CÀ PHÊ HÒA TAN ĐẬM VỊ  ( 24h/thùng),Hộp,CF," 37,053 "
,Hàng hóa,8936199810200-1/1,CÀ PHÊ HÒA TAN ĐẬM VỊ  ( 24h/thùng)(1/1),Hộp,CF," 22,000 "
,Hàng hóa,8938541439152,TRÀ TÚI LỌC OOLONG TEAROMA HỘP 40G ( 36 hộp/thùng),Hộp,CF," 21,435 "
,Hàng hóa,8938541439169,TRÀ TÚI LỌC SEN TEAROMA HỘP 40G( 36 hộp/thùng),Hộp,CF," 21,435 "
,Hàng hóa,8938541439176,TRÀ TÚI LỌC LÀI TEAROMA HỘP 40G( 36 hộp/thùng),Hộp,CF," 21,435 "
,Hàng hóa,8938541439183,TRÀ TÚI LỌC ĐÀO TEAROMA HỘP 40G ( 36 hộp/thùng),Hộp,CF," 21,435 "
,Hàng hóa,8KM5,Rổ gạo 2T8 - Aba 800g,Cái,ABA," 3,502 "
,Hàng hóa,8KM9,Thau 2T6 - Aba 800g,Cái,ABA," 3,502 "
,Hàng hóa,9879,Milo 180ml*48,Thùng,SI," 288,000 "
,Hàng hóa,9880,Milo 180ml*48 ( HÀNG IN KẸP ÍT ĐƯỜNG),Thùng,SI," 288,000 "
,Hàng hóa,9881,Nest cafe 2in1 bịch việt 16gr (12 túi/ thùng),Gói,SI," 97,000 "
,Hàng hóa,9882,Nest cafe 3 in1 bịch Đỏ 16gr (12 túi/ thùng),Gói,SI," 100,000 "
,Hàng hóa,A100363569,Axo Xanh duong 400Ml,Chai,DKSH," 20,347 "
,Hàng hóa,A100363570,Axo Hong 400Ml,Chai,DKSH," 20,347 "
,Hàng hóa,A100363571,Axo Xanh lá 400ML,Chai,DKSH," 20,347 "
,Hàng hóa,A100363572,Axo Xanh Duong 800Ml,Chai,DKSH," 37,940 "
,Hàng hóa,A100363573,Axo Hồng 800ML,Chai,DKSH," 37,940 "
,Hàng hóa,A100363574,Axo Xanh La 800Ml,Chai,DKSH," 37,940 "
,Hàng hóa,A100508716,Axo Tím 400Ml,Chai,DKSH," 20,347 "
,Hàng hóa,A100508717,Axo Tím 800Ml,Chai,DKSH," 37,940 "
,Hàng hóa,A100508718,AXO Trắng Thanh Khiết 800ml,Chai,DKSH," 40,942 "
,Hàng hóa,A100569931,Axo Hồng 1.8L,Chai,DKSH," 78,780 "
,Hàng hóa,A15,"Aba 1,5 kg*9 4 giảm 15%",Gói,ABA," 51,425 "
,Hàng hóa,A26,Aba 2.6kg*4,Gói,ABA," 103,028 "
,Hàng hóa,A31,Aba 3kg*4 6/1,Gói,ABA," 103,971 "
,Hàng hóa,A33,Aba 3kg (giặt máy)*4 6/1,Gói,ABA," 106,080 "
,Hàng hóa,A360,Aba 360gr*36 6/1,Gói,ABA," 15,690 "
,Hàng hóa,A400,Aba 400gr*36 6/1,Gói,ABA," 15,690 "
,Hàng hóa,A411,"Aba NH 4,1kg*3 6/1",Gói,ABA," 142,460 "
,Hàng hóa,A451,"Aba 4,5 kg*3 6/1",Gói,ABA," 142,460 "
,Hàng hóa,A55,"Aba 5,5 kg*3",Gói,ABA," 186,833 "
,Hàng hóa,A6,Aba 6kg*3 5/1,Gói,ABA," 186,833 "
,Hàng hóa,A720,Aba 720gr*18 6/1,Gói,ABA," 30,257 "
,Hàng hóa,A81,Aba 800gr*18 6/1,Gói,ABA," 30,257 "
,Hàng hóa,AN19H,Túi nước giặt Aba Hồng 1.9kg,Túi,ABA," 91,800 "
,Hàng hóa,AN19V,Túi nước giặt Aba Vàng 1.9kg,Túi,ABA," 91,800 "
,Hàng hóa,AN27,Nước giặt Aba 2.75L Đỏ 5/1,Chai,ABA," 108,333 "
,Hàng hóa,AN271,Nước giặt Aba 2.75L Xanh 5/1,Chai,ABA," 108,333 "
,Hàng hóa,AN36,Túi nước giặt Aba Vàng 3.6kg,Túi,ABA," 141,500 "
,Hàng hóa,AN36H,Túi nước giặt Aba Hồng 3.6kg,Túi,ABA," 141,500 "
,Hàng hóa,Aomua,Áo Mưa,Cái,LOC PHAT, 0 
,Hàng hóa,Aomua1,Rửa tay gel 90ml,Cái,DKSH, 0 
,Hàng hóa,B101034016,BCS One True Fit 3pcs-Xanh lá,Hộp,DKSH," 27,015 "
,Hàng hóa,B101034017,BCS One Super Sensitive 3pcs-Xanh dương,Hộp,DKSH," 39,900 "
,Hàng hóa,B101034019,BCS One Super Studs 3pcs-Cam,Hộp,DKSH," 43,890 "
,Hàng hóa,B101034060,BCS One Mixed Pleasure 3pcs-Tím,Hộp,DKSH," 45,980 "
,Hàng hóa,BCT,Nước bon cha tắc 500ml,Thùng,SI," 170,000 "
,Hàng hóa,BK23,Nước giặt Binky Hồng 2.3Lx4,Túi,ABA," 62,000 "
,Hàng hóa,BK231,Nước giặt Binky Xanh 2.3Lx4,Túi,ABA," 62,000 "
,Hàng hóa,BK24,BG Binky 2.4Kg*4 12/1,Gói,ABA," 53,000 "
,Hàng hóa,BK311,Nước giặt Binky 3.1Lx4 Hồng,Túi,ABA," 78,000 "
,Hàng hóa,BK312,Nước giặt Binky 3.1Lx4 Xanh,Túi,ABA," 78,000 "
,Hàng hóa,BK36,Nước giặt Binky 3.6kg Xanh,Chai,ABA," 95,000 "
,Hàng hóa,BK361,Nước giặt Binky 3.6kg Hồng,Chai,ABA," 95,000 "
,Hàng hóa,BK43,BG Binky 4.3 kg*3 6/1,Gói,ABA," 102,857 "
,Hàng hóa,BK560,Binky 560g*18 5/1,Gói,ABA," 13,333 "
,Hàng hóa,BK6,BG Binky 5.7kg*3 5/1,Gói,ABA," 132,000 "
,Hàng hóa,BONG70M,Bông  Puffme ép biên dạng túi 70 miếng-27.000 đ,Bao,YAHON," 27,000 "
,Hàng hóa,BONG90M,Bông Poppuff 2 CD 90+ 30 miếng:21.000 đ,Bao,YAHON," 21,000 "
,Hàng hóa,CĐXT,Lộc Phát- Cháo Sườn Hầm Đ.Xanh 50gx50gói/thùng,Thùng,LOC PHAT," 250,000 "
,Hàng hóa,CHINO,Mì Chinnoo không gia vị túi kiếng ( 12 túi/thùng),Túi,SASIN," 86,667 "
,Hàng hóa,CHINO1,Mì Chinnoo bò cay ( 12 túi/thùng),Túi,SASIN," 86,667 "
,Hàng hóa,CKIDT,Lộc Phát- Cháo YẾN  KID IQ 50gx30g/thùng,Thùng,LOC PHAT," 205,600 "
,Hàng hóa,CST25,Lộc Phát- Cháo YẾN  ST25  60gramx30gói/thùng,Thùng,LOC PHAT," 208,300 "
,Hàng hóa,CTB1,Lộc Phát- Cháo Thịt bằm 50gx50gói/thùng,Thùng,LOC PHAT," 130,200 "
,Hàng hóa,CTBT,Lộc Phát- Cháo Thịt bằm 50gx53gói/thùng,Thùng,LOC PHAT," 138,000 "
,Hàng hóa,CYCT,Lộc Phát- Cháo YẾN chay nấm hương50gx30g/thùng,Thùng,LOC PHAT," 192,857 "
,Hàng hóa,CYLDXT,Lộc Phát-Cháo Sườn Hầm Ly 50gx24ly/thùng,Thùng,LOC PHAT," 160,000 "
,Hàng hóa,CYLTBT,Lộc Phát-Cháo Yến Ly 50gx24ly/thùng,Thùng,LOC PHAT," 213,400 "
,Hàng hóa,CYLTBT1,Lộc Phát-Cháo Thịt Bằm Ly 50gx24Ly/thùng,Thùng,LOC PHAT," 110,800 "
,Hàng hóa,CYTB,Lộc Phát- Cháo YẾN  50gx30gói/thùng,Gói,LOC PHAT," 6,657 "
,Hàng hóa,CYTBT,Lộc Phát- Cháo YẾN  50gx30gói/thùng,Thùng,LOC PHAT," 199,200 "
,Hàng hóa,CYTBTV,Lộc Phát- Cháo Yến Vàng 50gx30gói/thùng ,Thùng,LOC PHAT," 187,500 "
,Hàng hóa,D100794127,Devondale Sữa bột 1Kg x 8 gói ,Gói,DKSH," 214,002 "
,Hàng hóa,D100965027,Devondale FullCream Xanh 6x200ml,Thùng,DKSH," 244,110 "
,Hàng hóa,D100965028,Devondale FullCream Xanh 1Lx10,Thùng,DKSH," 353,380 "
,Hàng hóa,D100965029,Sữa Devondale Fullcream 2L x 6 hộp,Hộp,DKSH," 61,690 "
,Hàng hóa,D100965030,Sữa Devondale Fullcream Dâu 6x200ml,Thùng,DKSH," 266,400 "
,Hàng hóa,D120201135,5k-Poca Đậu phô mai x 6 dây,Dây 10,POCA," 36,000 "
,Hàng hóa,D120206135,5k-Poca Đậu cốt dừa x 6 dây,Dây 10,POCA," 36,000 "
,Hàng hóa,D120210016,5k-Poca Đậu mực cay x 6 dây,Dây 10,POCA," 36,000 "
,Hàng hóa,D130206136,10k-Poca Đậu cốt dừa 90g x 4 lốc10,Lốc 10,POCA," 70,000 "
,Hàng hóa,D130206137,10k-Poca Đậu phô mai 90g x 4 lốc10,Lốc 10,POCA," 70,000 "
,Hàng hóa,D130206426,10k-Poca Đậu mực cay 80g x 4 lốc10,Lốc 10,POCA," 70,000 "
,Hàng hóa,DG1,DG Dây Ramus 12 gói x 120,Dây,ABA," 4,364 "
,Hàng hóa,EBNAU,Kem Biona Nâu,Hộp,ABA," 7,000 "
,Hàng hóa,EBNGH,Kem Biona Nghệ,Hộp,ABA," 12,000 "
,Hàng hóa,EKEN,Kem bôi da Kentax 10%,Hộp,ABA," 8,000 "
,Hàng hóa,ELOT,Keo lột E100 lớn,Tuýp,ABA," 16,286 "
,Hàng hóa,EMAX,Bi Max,Hộp,ABA," 11,500 "
,Hàng hóa,EMUN,Kem E100 Nghệ,Hộp,ABA," 12,600 "
,Hàng hóa,ERE1,Kem Reenax trị mụn,Hộp,ABA," 32,400 "
,Hàng hóa,ETIN,Kem bôi da Tinecol 10%,Hộp,ABA," 6,200 "
,Hàng hóa,ETOM,Kem bôi da Tomax,Hộp,ABA," 6,800 "
,Hàng hóa,EUPRE,Dưỡng tay,Tuýp,ABA," 18,000 "
,Hàng hóa,G100363575,Green Cross RT Táo 100ML,Chai,DKSH," 19,312 "
,Hàng hóa,G100363576,Green Cross RT Tự nhiên 100ML,Chai,DKSH," 19,312 "
,Hàng hóa,G100363577,Green Cross RT Trà Xanh 100ML,Chai,DKSH," 19,312 "
,Hàng hóa,G100363578,Green Cross RT Dứa Táo 250ML,Chai,DKSH," 33,541 "
,Hàng hóa,G100363579,Green Cross RT Tự Nhiên 250ML,Chai,DKSH," 33,541 "
,Hàng hóa,G100363580,Green Cross RT Trà Xanh 250ML,Chai,DKSH," 33,541 "
,Hàng hóa,G100395687,Green Cross Xịt Dứa Táo 70ML,Chai,DKSH," 24,090 "
,Hàng hóa,G100395688,Green Cross Xịt Tự nhiên 70ML,Chai,DKSH," 24,090 "
,Hàng hóa,G100395689,Green Cross Xịt Trà Xanh 70ML,Chai,DKSH," 24,090 "
,Hàng hóa,G100395700,Green Cross GEL Dứa Táo 100ML,Chai,DKSH," 29,476 "
,Hàng hóa,G100395701,Green Cross GEL Tự nhiên 100ML,Chai,DKSH," 29,476 "
,Hàng hóa,G100395702,Green Cross GEL Trà xanh 100ML,Chai,DKSH," 29,476 "
,Hàng hóa,G100472642,Green Cross Xịt A2 Xanh Fresh 500ML,Chai,DKSH," 49,050 "
,Hàng hóa,G100533313,Green Cross Xịt A2 Cam Summer 500ML,Chai,DKSH," 49,050 "
,Hàng hóa,G100760039,Gatsby Kem Dưỡng Tóc 125g,Hũ,DKSH," 20,020 "
,Hàng hóa,G100760110,GATSBY Gel Mềm Tím 170g,Tuýp,DKSH," 29,816 "
,Hàng hóa,G100811359,Greencross DD 500ml,Chai,DKSH," 78,000 "
,Hàng hóa,G100885871, GATSBY MOVING RUBBER GM XAM 80G-JP ,Hũ,DKSH, 0 
,Hàng hóa,G100885872,Gatsby SH Gel Siêu cứng 200g,Tuýp,," 84,700 "
,Hàng hóa,G100885874,GB Khăn ướt BODY ICE CITRUS 30 tờ,Gói,DKSH," 77,920 "
,Hàng hóa,G100908621i,Gatsby Gel Tối Ưu Đen 170G,Tuyp,DKSH," 29,816 "
,Hàng hóa,G100922273,Gatsby Pomade Classy Dry Xám 75G,Hộp,DKSH," 54,378 "
,Hàng hóa,G100922274i,Gatsby Pomade Perfect Raise Đen 75G,Hộp,DKSH," 54,378 "
,Hàng hóa,G100922275,Gatsby Pomade Retro Xám 75G,Hộp,DKSH," 54,378 "
,Hàng hóa,G10092228,Gatsby NH Xịt Bạc 150ml,Chai,, 0 
,Hàng hóa,G10092229,Gatsby Nước hoa EDT Platinum,Chai,," 87,491 "
,Hàng hóa,G100938396,GATSBY Gel Cứng Xanh 170G,Tuýp,DKSH," 29,816 "
,Hàng hóa,G100938397,Gatsby Gel Siêu cứng Vàng 170G,Tuyp,DKSH," 29,816 "
,Hàng hóa,G101006032,Gatsby Wax H&F Xanh 75G,Hũ,DKSH," 47,000 "
,Hàng hóa,G101006033,Gatsby Wax M&H Đen 75G,Hũ,DKSH," 47,000 "
,Hàng hóa,G101006034,Gatsby Wax P&S Đỏ 75G,Hũ,DKSH," 47,000 "
,Hàng hóa,G101006035,Gatsby Wax 25g,Hũ,DKSH," 23,100 "
,Hàng hóa,G101006037,GATSBY Keo xịt Siêu Cứng 250ML,Chai,DKSH," 70,640 "
,Hàng hóa,G101006039,Gatsby Keo xịt EH 66ml,Chai,DKSH, 0 
,Hàng hóa,G101109117,Gatsby SRM Strong Clear Foam 130g,Tuýp,DKSH," 48,164 "
,Hàng hóa,G101109119,Gatsby SRM Perfect Scrub 130g,Tuýp,DKSH," 48,164 "
,Hàng hóa,GDNN,Giấy Đa năng nhỏ lốc 6 + 1 Hộp để bàn: 48.500 đ,Lốc,YAHON," 48,500 "
,Hàng hóa,GHKM,Khăn giấy hộp Let-Green không mùi: 17.200 đ  (5/1),Hộp,YAHON," 14,333 "
,Hàng hóa,HLBD220,Hà Lan Bịch đường 220ml*48,Thùng,SI," 235,000 "
,Hàng hóa,HLBKD220,Hà Lan Bịch Không Đường 220ml*48,Thùng,SI," 235,000 "
,Hàng hóa,HLH,HL Hồng,Hộp,ABA," 9,600 "
,Hàng hóa,HLH22,Hà Lan Hộp Đường 180ml*48,Thùng,SI," 280,000 "
,Hàng hóa,I100925797,ST. IVES ST Yến mạch & Bơ 473ML,Chai,DKSH," 100,495 "
,Hàng hóa,I100925798,ST. IVES ST Hương mơ 473ML,Chai,DKSH," 100,495 "
,Hàng hóa,I100925799,ST. Ives ST Muối Biển 473ML,Chai,DKSH," 100,495 "
,Hàng hóa,I100925800,ST. IVES ST Cam Chanh 473ML,Chai,DKSH," 100,495 "
,Hàng hóa,I100925802,ST. IVES ST Yến mạch&Bơ 650ML,Chai,DKSH," 122,815 "
,Hàng hóa,I100925803,ST. IVES ST Muối biển 650ml,Chai,DKSH," 122,815 "
,Hàng hóa,I100925804,ST. IVES ST Cam Chanh 650ml,Chai,DKSH," 122,815 "
,Hàng hóa,I100925805,ST. IVES ST Hoa hồng&Lô Hội 650ml,Chai,DKSH," 122,815 "
,Hàng hóa,I100925808,ST. IVES SDT Vitamin E và Bơ 621ML,Chai,DKSH," 122,405 "
,Hàng hóa,I100925809,ST. IVES SDT Lúa Mạch và Bơ 621ml,Chai,DKSH," 122,405 "
,Hàng hóa,I100925810,ST. IVES SDT Trẻ hóa Collagen 621ml,Chai,DKSH," 122,405 "
,Hàng hóa,I100996278,ST. IVES SRM Trà xanh 170G,Tuýp,DKSH," 86,455 "
,Hàng hóa,I100996279,ST. IVES SRM Chiết xuất mơ 170g,Tuýp,DKSH," 86,455 "
,Hàng hóa,I100996411,ST. IVES SRM Hương mơ 170g,Tuýp,DKSH," 86,455 "
,Hàng hóa,I100996413,ST. IVES SRM Café 170G,Tuýp,DKSH," 86,455 "
,Hàng hóa,I100G,Bánh gạo ICHI vị mật ong 100g (nhỏ),Gói,ONE ONE," 13,305 "
,Hàng hóa,I101059009,ST. IVES SRM Bơ&Mật Ong 170G,Tuýp,DKSH," 86,455 "
,Hàng hóa,I101078938,St.Ives Gel RM Blemish Care Tram Tra 200ML,Chai,DKSH," 127,857 "
,Hàng hóa,I101117363,ST. IVES SRM Hoa Hồng&Lô Hội 170G,Tuýp,DKSH," 86,455 "
,Hàng hóa,I101123825,St.Ives Dưỡng Da 30ml,Tuýp,DKSH," 66,490 "
,Hàng hóa,I180G,Bánh gạo ICHI vị mật ong 180g (lớn),Gói,ONE ONE," 23,044 "
,Hàng hóa,J100712614,JUMBO C.Trùng Cam Chanh 300ML,Chai,DKSH," 29,172 "
,Hàng hóa,J100712615,JUMBO C.Trùng Lavender 300ML,Chai,DKSH," 29,172 "
,Hàng hóa,J100712616,JUMBO C.Trùng Lài 300ML,Chai,DKSH," 29,172 "
,Hàng hóa,J100712617,JUMBO C.Trùng Cam Chanh 600ML,Chai,DKSH," 51,000 "
,Hàng hóa,J100712618,JUMBO C.Trùng Lavender 600ML,Chai,DKSH," 51,000 "
,Hàng hóa,J100712619,JUMBO C.Trùng Lài 600ML,Chai,DKSH," 51,000 "
,Hàng hóa,J100712620,JUMBO Muỗi F9 Cam Chanh 600ML,Chai,DKSH," 45,500 "
,Hàng hóa,J100712621,Jumbo FA K mùi 600ml,Chai,DKSH," 45,500 "
,Hàng hóa,J100792482,JUMBO Chất xông muỗi đơn,Cái,DKSH," 23,100 "
,Hàng hóa,J100792483,JUMBO Bộ xông đuổi muỗi,Bộ,DKSH," 42,504 "
,Hàng hóa,J100792484,Jumbo Chất xông đôi,Bộ,DKSH," 41,540 "
,Hàng hóa,J100842799,JUMBO C.trùng K mùi Odourless 600ml,Chai,DKSH," 51,000 "
,Hàng hóa,J100843151,JUMBO C.trùng K mùi Odourless 300ml,Chai,DKSH," 29,172 "
,Hàng hóa,J100886064,Jumbo Nhang S2,Hộp,DKSH," 10,000 "
,Hàng hóa,J100912516,Jumbo Nhang K5,Hộp,DKSH," 6,607 "
,Hàng hóa,J100942723,JUMBO One Push 60 Xịt,Chai,DKSH," 40,755 "
,Hàng hóa,J100974080,JUMBO XỊT Ctrung Chanh&K mùi 600ml+4HopS2,Bộ,DKSH," 119,000 "
,Hàng hóa,J101015514,Jumbo M2 Nhang Lài Vàng,Hộp,DKSH," 6,600 "
,Hàng hóa,J101015517,Kaori Xịt Phòng Cam 280ml,Chai,DKSH," 30,888 "
,Hàng hóa,J101015518,Kaori Xịt Phòng Hoa Hồng 280ml,Chai,DKSH," 30,888 "
,Hàng hóa,J101015519,Kaori Xịt Phòng Hương Biển 280ml,Chai,DKSH," 30,888 "
,Hàng hóa,J101015615,Nhang M22 Lavender,Hộp,DKSH," 6,600 "
,Hàng hóa,J101068531,Jumbo Nhang S2+Hộp nhựa,Bộ,DKSH," 132,000 "
,Hàng hóa,J101085448,Jumbo Xịt C.trùng Trà 600ml,Chai,DKSH," 51,000 "
,Hàng hóa,JUD1,Dây xả Junco Vàng đồng*30 dây,Dây,ABA," 9,858 "
,Hàng hóa,JUD12,Dây xả Junco Xanh lá*30 dây,Dây,ABA," 9,858 "
,Hàng hóa,JUD3,Dây xả Junco Đỏ*30 dây,Dây,ABA," 9,858 "
,Hàng hóa,JUD6,Dây xả Junco Đen*30 dây,Dây,ABA," 9,858 "
,Hàng hóa,JUD9,Dây xả Junco Xanh dương*30 dây,Dây,ABA," 9,858 "
,Hàng hóa,JUNC81,Chai xả Junco 800ml Đỏ giảm 12%,Chai,ABA," 42,240 "
,Hàng hóa,JUNC82,Chai xả Junco 800ml Xanh Dương giảm 12%,Chai,ABA," 42,240 "
,Hàng hóa,JUNC83,Chai xả Junco 800ml Đen giảm 12%,Chai,ABA," 42,240 "
,Hàng hóa,JUNT3,Túi xả Junco 800 Đen 12%,Túi,ABA," 37,840 "
,Hàng hóa,K100743266,Milo Chocobar 30g,Thanh,DKSH," 9,072 "
,Hàng hóa,K100753907,Kitkat Trà Xanh 8 thanh 2F 17gx8,Gói,DKSH," 57,892 "
,Hàng hóa,K100753908,KitKat Thanh 2F Trà xanh 17g,Thanh,DKSH," 7,703 "
,Hàng hóa,K100793955,KitKat 6 thanh 2F B/F (6X17G) Cocoa,Gói,DKSH," 29,908 "
,Hàng hóa,K100793956,KitKat Thanh 4F B/F 35G Cocoa,Thanh,DKSH," 11,355 "
,Hàng hóa,K100793959,Kitkat Gói 12 thanh 2F 12X17g Cocoa,Gói,DKSH," 57,549 "
,Hàng hóa,K100793960,KitKat Cocoa Bites 40g,Thanh,DKSH," 17,632 "
,Hàng hóa,K100793966,KitKat Thanh 4F Trà xanh 35G,Thanh,DKSH," 14,954 "
,Hàng hóa,K100793993,Kitkat Chunky 38g-Cocoa,Thanh,DKSH," 12,688 "
,Hàng hóa,K100793994,KitKat Gói 3 thanh Chunky 3x38G,Gói,DKSH," 36,568 "
,Hàng hóa,K100864457,KitKat Thanh Chunky Bánh Quy 38g,Thanh,DKSH," 13,142 "
,Hàng hóa,K100998855,KitKat Thanh 2F BF 17g Cocoa,Thanh,DKSH," 5,257 "
,Hàng hóa,K100998856,Milo Viên Nuggets 25g,Gói,DKSH," 10,888 "
,Hàng hóa,K101060029,Kitkat Chunky Pack 3_114g_Tet,Hộp,DKSH," 39,460 "
,Hàng hóa,K101084637,Kitkat Pack 6 thanh_102g TET,Hộp,DKSH," 30,671 "
,Hàng hóa,K101084638,KitKat goi SB 12 204g Tet,Hộp,DKSH," 62,695 "
,Hàng hóa,K101084639,Kitkat Tra xanh SB 8_136g_Tet,Gói,DKSH," 62,695 "
,Hàng hóa,K101084661,Combo Milo 108.5g_TET,Hộp,DKSH," 44,480 "
,Hàng hóa,K101084662,Kitkat JP Dâu 11 thanh_TET,Hộp,DKSH," 72,865 "
,Hàng hóa,K101084663,Nestle Bánh quy Socola 4x31g,Hộp,DKSH," 18,857 "
,Hàng hóa,K101084664,Nestle Bánh quy 372g_TET,Hộp,DKSH," 70,720 "
,Hàng hóa,K101185188,Kitkat Gold SB_136g_Tet,Gói,DKSH," 64,401 "
,Hàng hóa,KDR1,KDR Doreen Trà xanh 200gr(+bàn chải),Tuýp,ABA," 17,815 "
,Hàng hóa,KDR5,KDR Doreen Trà Xanh 180gr 6/1,Tuýp,ABA," 12,943 "
,Hàng hóa,KDR7,KDR Doreen Xanh Ngọc 200gr 6/1,Tuýp,ABA," 12,943 "
,Hàng hóa,KDR8,KDR Doreen Tinh thể Băng 180g 6/1,Tuýp,ABA," 19,543 "
,Hàng hóa,KL123206161,Laystax Tự Nhiên 160gx14hộp,Lon,POCA," 31,500 "
,Hàng hóa,KL123206162,Laystax Kem hành 160gx14hộp,Lon,POCA," 31,500 "
,Hàng hóa,KL123207161,Laystax Tôm 160gx14hộp,Lon,POCA," 31,500 "
,Hàng hóa,KL123213165,Laystax Sườn nướng BBQ 160gx14hộp,Lon,POCA," 31,500 "
,Hàng hóa,KO123206149,Laystax Tự Nhiên 105grx16 hộp,Hộp,POCA," 26,000 "
,Hàng hóa,KO123207149,Laystax Tôm 105grx16 hộp,Hộp,POCA," 26,000 "
,Hàng hóa,KO123209149,Laystax Mực 105grx16 hộp,Hộp,POCA," 26,000 "
,Hàng hóa,KO123210149,Laystax Kem hành105grx16 lon,Hộp,POCA," 26,000 "
,Hàng hóa,KO123223176,Laystax Ớt Sriracha105grx16 lon,Hộp,POCA," 26,000 "
,Hàng hóa,KO123224176,Laystax Lá thơm Oregano 105grx16 lon,Hộp,POCA," 26,000 "
,Hàng hóa,KTB,Trả TB Kaori,Chai,DKSH, 0 
,Hàng hóa,L100857684,Lactacyd Milky TG Trẻ em 500ML,Chai,DKSH," 124,505 "
,Hàng hóa,L100864736,Lactacyd Odor Fresh 150ML,Hộp,DKSH," 37,024 "
,Hàng hóa,L100942174,LACTACYD DDVS Soft&Silky 150ML,Chai,DKSH," 42,721 "
,Hàng hóa,L100942175,LACTACYD DDVS Soft&Silky 250ml,Chai,DKSH," 63,525 "
,Hàng hóa,L101001848i,Lactacyd Milky Trẻ em 250ml,Chai,DKSH," 72,410 "
,Hàng hóa,L101044511,Lactacyd ST Trẻ Em BB 250ml,Chai,DKSH," 72,425 "
,Hàng hóa,L101081953,Combo Lactacyd 2Milky250+2Pearly,Bộ,DKSH," 197,943 "
,Hàng hóa,L101081954,Combo Lactacyd 6xMilky250,Bộ,DKSH," 383,475 "
,Hàng hóa,L101081955,Combo Lactacyd 6xFresh250ml,Bộ,DKSH," 297,813 "
,Hàng hóa,L101081956,Combo Lactacyd 3xFresh250ml+3Milky250,Bộ,DKSH," 340,645 "
,Hàng hóa,L101081957,Combo Lactacyd 3Nourish150+2NR60ml,Bộ,DKSH," 150,808 "
,Hàng hóa,L101081958,Lactacyd BB 500ml+Prosen150ml,Bộ,DKSH," 138,340 "
,Hàng hóa,L101081959,Lactacyd Milky 500ml+Prosen150ml,Bộ,DKSH," 138,340 "
,Hàng hóa,L101081960,Combo Gentle 500mlx2+4x60ml,Bộ,DKSH," 246,243 "
,Hàng hóa,L101099107,Lactacyd DDVS Odor Fresh 250ml,Chai,DKSH," 55,185 "
,Hàng hóa,L101099110,Lactacyd DDVS Pro Sensitive 150ml,Chai,DKSH," 42,721 "
,Hàng hóa,L101099111,Lactacyd DDVS Pro Sensitive 250ml,Chai,DKSH," 63,525 "
,Hàng hóa,L101113917,Lactacyd Pearly Intimate 150ML,Chai,DKSH," 47,876 "
,Hàng hóa,L101113918,Lactacyd Extra Nourish,Chai,," 50,270 "
,Hàng hóa,L101159847,Lactacyd BB 500ML,Chai,DKSH," 124,505 "
,Hàng hóa,LETCON10M,Letgreen cồn 10 miếng Lốc 3: 27.600 đ (4/1),Bao,YAHON," 22,080 "
,Hàng hóa,LETCON50M,Letgreen cồn 50 miếng: 33.200 đ (4/1),Bao,YAHON," 26,560 "
,Hàng hóa,LX,Giảm tiền,1,ABA, 0 
,Hàng hóa,LX1,Dầu gội Lexi dây vàng 14 gói 6/1,Dây,ABA," 7,000 "
,Hàng hóa,LX12,Dầu gội Lexi dây Hồng 14 gói 6/1,Dây,ABA," 7,000 "
,Hàng hóa,LX13,Dầu gội Lexi dây xanh lá 14 gói 6/1,Dây,ABA," 7,000 "
,Hàng hóa,LX5,Dầu gội Lexi Xanh 650g 6/1,Chai,ABA," 77,221 "
,Hàng hóa,LX6,Dầu gội Lexi Hồng 650g 6/1,Chai,ABA," 77,221 "
,Hàng hóa,LX7,Dầu gội Lexi vàng 650g 6/1,Chai,ABA," 77,221 "
,Hàng hóa,M1003941003,T.An Cho con-Vi Ga & Trung&sua 1.3kg,Gói,DKSH, 0 
,Hàng hóa,M100745900,T.an Cho con-Vi bo trung sot 80g,Gói,DKSH," 38,800 "
,Hàng hóa,M100746012,T.An Cho-Vi thit Bo&rau cu tui 1.5 kg,Gói,DKSH," 90,600 "
,Hàng hóa,M100746014,Thuc an meo-ca bien 20kg,Bao,DKSH," 1,292,200 "
,Hàng hóa,M100746015,Thuc An Cho-Vi Ga&rau cu tui 1.5 kg,Gói,DKSH," 90,600 "
,Hàng hóa,M100746025,Thuc An Cho con-Vi Ga nau sot 130g,Gói,DKSH," 13,845 "
,Hàng hóa,M100746026,Thuc An Cho-Vi Ga nau sot 130g,Gói,DKSH," 13,845 "
,Hàng hóa,M100746027,T.An Meo Con- vi ca bien&sua 1.1kg,Túi,DKSH," 99,200 "
,Hàng hóa,M100746028i,Thuc An Meo-Vi Ca thu tui 1.2 kg,Túi,DKSH," 99,200 "
,Hàng hóa,M100746029,Thuc An Meo-Vi Ca bien tui 480g,Gói,DKSH," 45,600 "
,Hàng hóa,M100746030,Thuc An Meo-Vi ca bien 7kg,Bao,DKSH," 538,800 "
,Hàng hóa,M100746031,Thuc An Meo vi Ca ngu tui 1.2 kg,Gói,DKSH," 99,200 "
,Hàng hóa,M100746032,Thuc An Meo vi Ca bien tui 1.2 kg,Gói,DKSH," 99,200 "
,Hàng hóa,M100746033,Thuc An Meo-Vi Ca ngu tui 480g,Gói,DKSH," 45,600 "
,Hàng hóa,M100746034,Thức Ăn Mèo Vị cá BIS gói 400g,Gói,DKSH," 29,800 "
,Hàng hóa,M100746035,Thức ăn mèo Vị cá biển lon 400g,Lon,DKSH," 32,800 "
,Hàng hóa,M100746114,Catsan - Cát VS cho mèo,Túi,DKSH," 87,011 "
,Hàng hóa,M100746115,Catsan - Cát VS cho mèo 9L,Túi,DKSH," 157,501 "
,Hàng hóa,M100750182,T.An Cho vi bo&rau cu tui 500g,Gói,DKSH," 33,200 "
,Hàng hóa,M100808286,T.An Meo Con- vi ca bien&sua 450g,Túi,DKSH," 47,500 "
,Hàng hóa,M100839923,Thuc An Meo-Vi ca bien tui 3kg,Gói,DKSH," 245,700 "
,Hàng hóa,M100864325,Thuc An Meo-vi ca thu BIS gói 400g,Gói,DKSH," 29,800 "
,Hàng hóa,M100886065,T.An vat Cho - bo xong khoi 80g,Gói,DKSH," 28,500 "
,Hàng hóa,M100886066,Thuc an vat Cho - gan nuong 80g,Gói,DKSH," 28,500 "
,Hàng hóa,M100886067,T.An vat Cho - bo xong khoi que 60g,Gói,DKSH," 28,500 "
,Hàng hóa,M100886068,Thuc an vat Cho heo muoi que 60g,Gói,DKSH," 28,500 "
,Hàng hóa,M100886069,Banh xuong Cho trung 98g,Gói,DKSH," 30,200 "
,Hàng hóa,M100886124,Banh xuong cho nho 56g (new),Gói,DKSH," 28,500 "
,Hàng hóa,M100886125,Banh xuong Cho con 75g (new),Gói,DKSH," 28,500 "
,Hàng hóa,M100886126,Temptation Ca ngu 85g,Gói,DKSH," 42,300 "
,Hàng hóa,M100886226,Sốt Temptation 48g,Gói,DKSH," 28,710 "
,Hàng hóa,M100899226,Banh xuong cham soc rang cho kieng 60g,Gói,DKSH," 28,500 "
,Hàng hóa,M100899230,Thuc an cho gion 60g,Gói,DKSH," 30,690 "
,Hàng hóa,M100944496,Sot Cho Lon Bo ham Rau Cu 130G,Gói,DKSH," 13,845 "
,Hàng hóa,M100944497,Sot cho lon - Vi gan nuong & rau 130g,Gói,DKSH," 13,845 "
,Hàng hóa,M100944498,"Sot cho con - Vi ga, gan trung & rau 80g",Gói,DKSH," 9,500 "
,Hàng hóa,M100944499,"Sot cho lon - Vi ga, gan nuong & rau 80g",Gói,DKSH," 9,500 "
,Hàng hóa,M100944840,Sot cho lon - Vi bo nuong & rau 80g,Gói,DKSH," 9,500 "
,Hàng hóa,M100954694,Thuc An Meo-Vi thu&Ca hoi tui 85g,Gói,DKSH," 9,640 "
,Hàng hóa,M100955623,Thuc An Meo-Vi Ca ngu dang tui 85g,Gói,DKSH," 9,640 "
,Hàng hóa,M100955624,Thuc An Meo-Vi thu tui 85g,Gói,DKSH," 9,640 "
,Hàng hóa,M100955625,T.An Meo-Vi Ca Bien dang tui 85g,Gói,DKSH," 9,640 "
,Hàng hóa,M100955627,T.An Meo con-Vi Ca ngu tui 85g,Gói,DKSH," 9,640 "
,Hàng hóa,M101073468,T.An Cho con-Vi Ga & trung&sua 400g,Gói,DKSH," 38,800 "
,Hàng hóa,M101080792,T.An Meo con-Vi Ca thu tui 85g,Gói,DKSH," 9,640 "
,Hàng hóa,M101101178,Thức ăn mèo Vị cá ngừ lon 400g,Lon,DKSH," 32,800 "
,Hàng hóa,M101144900,T.An Meo Con- ca thu 450g,Túi,DKSH," 47,500 "
,Hàng hóa,M101144901,T.An Meo Con- ca thu 1.1kg,Túi,DKSH," 99,200 "
,Hàng hóa,M101144903,Thức ăn mèo Vị Gà&cá ngừ 85g,Gói,DKSH," 9,640 "
,Hàng hóa,M10124567,Gatsby ST 250ml,Chai,," 64,570 "
,Hàng hóa,M10124568,Gatsby ST 450ml,Gói,," 81,620 "
,Hàng hóa,M101886066,T.An vat Cho - ga xong khoi 80g,Gói,DKSH," 28,500 "
,Hàng hóa,M110955627,Combo 6+1 Meo con-Ca ngu 80g,Bộ,DKSH," 58,500 "
,Hàng hóa,M75GB,Mì 3 Miền 75g bò hầm rau thơm,Thùng,SI," 96,000 "
,Hàng hóa,M75GC,Mì 3 Miền 75g chua cay đặc biệt ,Thùng,SI," 96,000 "
,Hàng hóa,M85G,Mì Reeva 85g lẫu nấm chua cay,Thùng,SI," 189,000 "
,Hàng hóa,MD8,Bột giặt Manda 800g*18,Gói,ABA," 25,286 "
,Hàng hóa,N15001,Nước Satori chai 1.5l (12c/thùng),Thùng,SATORI," 94,000 "
,Hàng hóa,N3501,Nước  Satori chai 350ml (24c/thùng),Thùng,SATORI," 84,000 "
,Hàng hóa,N5001,Nước Satori chai 500ml (24c/thùng),Thùng,SATORI," 94,000 "
,Hàng hóa,NUNA100KM,Khăn ướt Baby NUNA 100 miếng không mùi:36.800 đ (5/1),Bao,YAHON," 30,667 "
,Hàng hóa,NYD,Lộc Phát-Nước Yến Nha đam Đào 500ml x24c/thùng,Thùng,LOC PHAT," 177,000 "
,Hàng hóa,NYDLT,Lộc Phát-Nước Yến Dưa lưới  415mll x24c/thùng,Thùng,LOC PHAT," 168,000 "
,Hàng hóa,NYNDT,Lộc Phát-Nước Yến Nha đam 500ml x24c/thùng,Thùng,LOC PHAT," 177,000 "
,Hàng hóa,O142,Bánh gạo vị xì dầu Nhật 142g ,Gói,ONE ONE," 17,455 "
,Hàng hóa,OB,Bánh mặn vị Bò nướng 150g (nhỏ),Gói,ONE ONE," 17,455 "
,Hàng hóa,OB104,One tảo biển bạch tuộc 104g,Gói,ONE ONE," 13,034 "
,Hàng hóa,OB225,One One Bò Nướng 225g (lớn),Gói,ONE ONE," 24,545 "
,Hàng hóa,OM118G,Bánh mặn vị Pho mai Ngô 118g,Gói,ONE ONE," 20,091 "
,Hàng hóa,ON150,Bánh ngọt 150g (nhỏ),Gói,ONE ONE," 13,043 "
,Hàng hóa,ON230G,Bánh ngọt 230g (lớn),Gói,ONE ONE," 18,610 "
,Hàng hóa,OT,Bánh mặn vị tôm nướng 150gr (nhỏ),Gói,ONE ONE," 17,455 "
,Hàng hóa,P100760121,Pucelle NH Jolly Tím 75ml,Chai,DKSH," 21,345 "
,Hàng hóa,P100760122,Pucelle NH Spacking Hồng 75ML,Chai,DKSH," 21,345 "
,Hàng hóa,P100760124,Pucelle NH WO Xanh dương 75ml,Chai,DKSH," 21,345 "
,Hàng hóa,P100760127,Pucelle NH Thu Ran 100ml,Chai,DKSH," 31,510 "
,Hàng hóa,P100760128,Pucelle NH Xuân Sakura 100ml,Chai,DKSH," 31,510 "
,Hàng hóa,P100760129,Pucelle NH 150ml,Chai,DKSH," 36,321 "
,Hàng hóa,P100760131,Lovillea NH 100ML,Chai,DKSH," 19,800 "
,Hàng hóa,P100760135,Pucelle Blooming Blossom 75ml,Chai,DKSH," 21,345 "
,Hàng hóa,P100945508,Pucelle NH Perfect Getaway Cam 75ml,Chai,DKSH," 21,345 "
,Hàng hóa,P1B120103175,10k-Poca Bò Lúc Lắc 65g 8x5,Gói,POCA," 7,200 "
,Hàng hóa,P1B120132193,10k-Poca Bắp Ngọt 7x10,Gói,POCA," 7,200 "
,Hàng hóa,P1G120124184,10k-Poca Gà Quay 65g 7x10,Gói,POCA," 7,200 "
,Hàng hóa,P1M120135175,10k-Poca Mực Lăn 65g 7x10,Gói,POCA," 7,200 "
,Hàng hóa,P1P120501194,10k-Poca Phồng 60g 7x10,Gói,POCA," 7,200 "
,Hàng hóa,P1Q120137184,10k-Poca Que BBQ 70g 8x5,Gói,POCA," 7,200 "
,Hàng hóa,P1T102135177,10k-Poca Tôm Nướng 65g 8x5,Gói,POCA," 7,200 "
,Hàng hóa,Q121504183,Bánh yến mạch Quaker Nho 270gx12g,Gói,POCA," 56,000 "
,Hàng hóa,Q121505183,Bánh yến mạch Quaker Socola 270gx12g,Gói,POCA," 56,000 "
,Hàng hóa,Q121506183,Bánh yến mạch Quaker Hạnh Nhân 270gx12g,Gói,POCA," 56,000 "
,Hàng hóa,RC1,NRC Campax Chanh 400ml 24/4-25,Chai,ABA," 10,250 "
,Hàng hóa,RC3,NRC Campax Chanh 750ml 12/2-10,Chai,ABA," 18,143 "
,Hàng hóa,RC5,"NRC Campax Chanh 1,5 kg 12%",Chai,ABA," 32,600 "
,Hàng hóa,RE1,Lăn ReLik nữ Hồng 50ml 6/1,Chai,ABA," 27,600 "
,Hàng hóa,RE2,Lăn ReLik nữ Vàng 50ml 3/1,Chai,ABA," 30,375 "
,Hàng hóa,RE3,Lăn ReLik nữ Hồng 25ml 6/1,Chai,ABA," 18,000 "
,Hàng hóa,S100849031,SIMPLE Nước Tẩy Trang Micellar Water 200ML,Chai,DKSH," 127,970 "
,Hàng hóa,S2TB,Trả TB Nhang S2,Hộp,DKSH, 0 
,Hàng hóa,SDE12,ST Dây E100 Vàng 60/15,Dây,ABA," 3,952 "
,Hàng hóa,SDE31,ST Dây E100 Hồng 60/15,Dây,ABA," 3,952 "
,Hàng hóa,SDE51,ST Dây E100 Trắng 60/15,Dây,ABA," 3,952 "
,Hàng hóa,SDE71,ST Dây E100 Witchi 60/15,Dây,ABA," 3,952 "
,Hàng hóa,SDE91,ST Dây E100 Dermyl Cô gái 60/15,Dây,ABA," 3,952 "
,Hàng hóa,SN119G,Bánh sữa ngô 149g,Gói,ONE ONE," 14,727 "
,Hàng hóa,SRM1,SRM E100 Bò 80ml 6/1,Tuýp,ABA," 21,858 "
,Hàng hóa,SRM10,SRM E100 nghệ 100ml  6/1,Tuýp,ABA," 31,200 "
,Hàng hóa,SRM12,SRM E100 dưa leo 6/1,Tuýp,ABA," 22,457 "
,Hàng hóa,SRM3,SRM E100 nghệ 50ml 6/1,Tuýp,ABA," 20,315 "
,Hàng hóa,SRM5,SRM E100 Bò 50ml 6/1,Tuýp,ABA," 15,600 "
,Hàng hóa,SRM7,SRM E100 Nha Đam 100ml 6/1,Tuýp,ABA," 22,457 "
,Hàng hóa,SRM9,SRM E100 nghệ hạt 80ml 6 -5,Tuýp,ABA," 32,167 "
,Hàng hóa,SRMB,SRM Bi lá,Tuýp,ABA," 12,000 "
,Hàng hóa,ST11,ST HH 1.100ml 5/1,Chai,ABA," 70,833 "
,Hàng hóa,ST800HS,ST E100 800ml Hồng 6/1,Chai,ABA," 71,572 "
,Hàng hóa,ST800TS,ST E100 800ml Trắng 6/1,Chai,ABA," 71,572 "
,Hàng hóa,ST800VS,ST E100 800ml Vàng 6/1,Chai,ABA," 71,572 "
,Hàng hóa,STE1L21,ST E100 1200ml Hồng 5/1,Chai,ABA," 83,750 "
,Hàng hóa,STE1L22,ST E100 1200ml Trắng 5/1,Chai,ABA," 83,750 "
,Hàng hóa,STE1L23,ST E100 1200ml Vàng 5/1,Chai,ABA," 83,750 "
,Hàng hóa,U100810932,XBC CAMAY Classic Hồng 125G,Cục,DKSH," 10,462 "
,Hàng hóa,U100810933,XBC CAMAY Chic Đen 125G,Cục,DKSH," 10,462 "
,Hàng hóa,U100810934,XBC CAMAY Naturel Trắng 125G,Cục,DKSH," 10,462 "
,Hàng hóa,U100931314,Monsavon ST Sữa&Vani 1L,Chai,DKSH," 135,600 "
,Hàng hóa,U101097698,XBC Lux Xanh Aqua 80G ,Cục,DKSH," 7,015 "
,Hàng hóa,U101097699,XBC Lux Hồng Soft 80G ,Cục,DKSH," 7,015 "
,Hàng hóa,U101097750,XBC Lux Tím Magical 80G ,Cục,DKSH," 7,015 "
,Hàng hóa,U101097751,XBC Lux Trang Velvet 80G ,Cục,DKSH," 7,015 "
,Hàng hóa,U101117234,GEL TAM H. HOA HONG CAMAY PARIS 500ML,Chai,DKSH," 78,390 "
,Hàng hóa,U101117235,GEL TAM H. OAI HUONG CAMAY PARIS 500ML,Chai,DKSH," 78,390 "
,Hàng hóa,U101117236,GEL TAM CAMAY 500ML+XBC,Chai,DKSH," 67,940 "
,Hàng hóa,U101117237,Dầu gội Lux 450g,Chai,DKSH," 119,536 "
,Hàng hóa,V100873909,Vaseline Dưỡng Môi Hồng xinh 7G,Hũ,DKSH," 55,766 "
,Hàng hóa,V100873910,Vaseline Dưỡng Môi Mềm mịn 7G,Hũ,DKSH," 55,766 "
,Hàng hóa,V100873911,Vaseline Dưỡng Môi Ngọt ngào 7G,Hũ,DKSH," 55,766 "
,Hàng hóa,V100891414,Vaseline Sáp dưỡng ẩm 50ml,Hũ,DKSH," 37,750 "
,Hàng hóa,V100891415,Vaseline Sap Duong Am 100ml,Hũ,DKSH," 63,495 "
,Hàng hóa,V100932526,Vaseline Dưỡng Môi Mềm Mịn 4.8g,Cây,DKSH," 43,800 "
,Hàng hóa,V100932527,Vaseline Dưỡng môi hồng xinh 4.8g,Cây,DKSH," 43,800 "
,Hàng hóa,V100932528,Vaseline Dưỡng môi Lô hội 4.8g,Cây,DKSH," 43,800 "
,Hàng hóa,V100932529,Vaseline Dưỡng môi Cacao 4.8g,Cây,DKSH," 43,800 "
,Hàng hóa,VBD22,VNM Bịch Dâux48x220,Thùng,SI," 278,000 "
,Hàng hóa,VBĐ22,VNM Bịch Đường x48x220,Thùng,SI," 278,000 "
,Hàng hóa,VBK22,VNM Bịch K Đường x48x220,Thùng,SI," 278,000 "
,Hàng hóa,VBS22,VNM Bịch Socolax48x220,Thùng,SI," 278,000 "
,Hàng hóa,VH11,VNM Hộp Đường nhỏ 48x110ml,Thùng,SI," 192,000 "
,Hàng hóa,VH22,VNM Hộp Đường 48x180,Thùng,SI," 300,000 "
,Hàng hóa,VHD22,VNM Hộp Dâux48x180,Thùng,SI," 300,000 "
,Hàng hóa,VHS22,VNM Hộp Socolax48x180,Thùng,SI, 0 
,Hàng hóa,VLĐ,VNM 100% 1 Lít Đường x12,Thùng,SI, 0 
,Hàng hóa,VLK,VNM 100% 1 Lít Ko Đường x12,Thùng,SI, 0 
,Hàng hóa,VPN380,VNM sữa đặc phương nam 380g,Thùng,SI," 380,000 "
,Hàng hóa,VPNK,VNM Sữa Đặc Phương Nam Kg x12,Thùng,SI, 0 
,Hàng hóa,VPNL,VNM Phương Nam Lon x48,Thùng,SI," 795,000 "
,Hàng hóa,WD2,ST Wando 200ml 6/1,Chai,ABA," 32,571 "
,Hàng hóa,WD5,ST Wando 500ml 6/1,Chai,ABA," 66,000 "
,Hàng hóa,XTB1,Trả TB Chất xông đôi,Bộ,DKSH, 0 
,Hàng hóa,XTB2,Trả TB Chất xông đơn,Bộ,DKSH, 0 
,Hàng hóa,Y100886129,Hộp quà yến 6 hộp 42ml,Hộp,," 383,012 "
,Hàng hóa,Y101072549,Cốt gà BRAND'S 42ml 6x12x72,Lốc 6,DKSH," 124,325 "
,Hàng hóa,Y101072563,Nước yến BRAND'S có đường 42ml 6x8x48,Lốc 6,DKSH," 378,893 "
,Hàng hóa,Y101072565,Nước yến BRAND'S có đường 70ml 6x8x48,Lốc 6,DKSH," 576,576 "
,Hàng hóa,Y101072567,Nước yến BRAND'S k đường 42ml,Lốc 6,DKSH," 378,893 "
,Hàng hóa,Y101072569,Nước yến BRAND'S k đường 70ml,Lốc 6,DKSH," 576,576 "
,Hàng hóa,Y101106269,Bộ 2 Nước cốt gà BRAND'S 42mlx6,Bộ,DKSH," 136,620 "
,Hàng hóa,Y101106340,Bộ 2 nước cốt gà BRAND'S 70mlx6,Bộ,DKSH," 207,900 "
,Hàng hóa,Y101106342,Nuoc cot ga Brand's Choco 70ml,Lốc 6,DKSH," 182,952 "
,Hàng hóa,YM180C,Sữa Yomost Cam 180mlx48h,Thùng,SI, 0 
,Hàng hóa,YM180D,Sữa Yomost Dâu 180mlx48h,Thùng,SI," 265,000 "
,Hàng hóa,Z100363564,Zonrox Tẩy Xanh lá-Chanh 1L,Chai,DKSH," 12,615 "
,Hàng hóa,Z100363565,Zonrox Tẩy Hồng-Hoa cỏ 1L,Chai,DKSH," 12,615 "
,Hàng hóa,Z100363566,Zonrox Tẩy Xanh Dương-Thiên nhiên 1L,Chai,DKSH," 12,615 "
,Hàng hóa,Z101099386,Aptamil 2-900g,Lon,DKSH," 587,617 "