Mã Sản Phẩm,Tên Sản Phẩm,ĐVT,Giá,Nhãn hàng
GT.5451.S.10A,"Gạo Thơm Lài, túi 10kg",kg," 13,000 ",AAN
GT.ANLANH.S.05A,"Gạo An Lành, túi 05kg",kg," 13,000 ",AAN
GT.ANLANH.S.10A,"Gạo An Lành, túi 10kg",kg," 13,000 ",AAN
GT.DT8.S.05B,"Gạo Đài Thơm, túi 05kg",kg," 20,000 ",AAN
GT.DT8.S.10A,"Gạo Đài Thơm, túi 10kg",kg," 14,000 ",AAN
GT.JAPO.S.05B,"Gạo Japonica, túi 05kg",kg," 22,000 ",AAN
GT.ST21.S.05D,"Gạo ST21, túi 05kg",kg," 24,000 ",AAN
GT.ST24.S.05C,"Gạo ST24, túi 05kg",kg," 33,000 ",AAN
GT.ST25.S.05C,"Gạo ST25, túi 05kg",kg," 33,000 ",AAN
GT.ST25T.S.05B,"Gạo ST25 lúa tôm, túi 05kg",kg," 40,000 ",AAN
A11,"Bột giặt nhiệt Aba 1,15kg",Gói," 46,000 ",ABA
A2,Bột giặt nhiệt Aba 2 kg,Gói," 78,000 ",ABA
A26,Bột giặt nhiệt Aba Junco 2.6kg,Gói," 114,000 ",ABA
A29,Bột giặt nhiệt Aba 2.9kg,Gói," 114,000 ",ABA
A291,Bột giặt nhiệt Aba 2.9kg (giặt máy),Gói," 109,000 ",ABA
A350,Bột giặt nhiệt Aba Nước Hoa 350gr,Gói," 17,000 ",ABA
A380,Bột giặt nhiệt Aba 380gr,Gói," 17,000 ",ABA
A4,Bột giặt nhiệt Aba Nước Hoa 4kg,Gói," 151,000 ",ABA
A43,"Bột giặt nhiệt Aba 4,3 kg",Gói," 151,000 ",ABA
A53,"Bột giặt nhiệt Aba Junco 5,3 kg",Gói," 201,000 ",ABA
A57,Bột giặt nhiệt Aba 5.7kg,Gói," 201,000 ",ABA
A700,Bột giặt nhiệt Aba Nước Hoa 700gr,Gói," 33,000 ",ABA
A770,Bột giặt nhiệt Aba 770gr,Gói," 33,000 ",ABA
AN19H,Nước giặt Aba Hồng 1.9kg,Túi," 87,000 ",ABA
AN19V,Nước giặt Aba Vàng 1.9kg,Túi," 87,000 ",ABA
AN27,Nước giặt Aba Matic 2.75L Đỏ ,Chai," 112,000 ",ABA
AN271,Nước giặt Aba Matic 2.75L Xanh ,Chai," 112,000 ",ABA
AN36,Nước giặt Aba Vàng 3.6kg,Túi," 146,000 ",ABA
AN36H,Nước giặt Aba Hồng 3.6kg,Túi," 146,000 ",ABA
BK2,Bột giặt Binky 2kg,Gói," 50,000 ",ABA
BK23,Nước giặt Binky Hồng 2.3L,Túi," 71,000 ",ABA
BK231,Nước giặt Binky Xanh 2.3L,Túi," 71,000 ",ABA
BK311,Nước giặt Binky 3.1L Hồng,Túi," 90,000 ",ABA
BK312,Nước giặt Binky 3.1L Xanh,Túi," 90,000 ",ABA
BK33H,Nước giặt Binky 3.3kg Hồng,Chai," 108,000 ",ABA
BK33X,Nước giặt Binky 3.3kg Xanh ,Chai," 108,000 ",ABA
BK43,Bột giặt Binky 4.3kg,Gói," 106,000 ",ABA
BK520,Bột giặt Binky 520g,Gói," 14,000 ",ABA
BK57,Bột giặt Binky 5.7kg,Gói," 136,000 ",ABA
EBNGH,Kem Biona Nghệ,Hộp," 14,000 ",ABA
EKEN,Kem bôi da Kentax 10%,Hộp," 9,000 ",ABA
ELOT,Keo lột E100 lớn,Hộp," 18,000 ",ABA
EMUN,Kem E100 Nghệ,Hộp," 14,000 ",ABA
ETOM,Kem bôi da Tomax,Hộp," 8,000 ",ABA
JUNC82,Nước xả vải Junco 800ml Xanh Dương,Chai," 48,000 ",ABA
JUNC83,Nước xả vải Junco 800ml Đen,Chai," 48,000 ",ABA
JUNT4,Nước xả vải Junco Hồng 800ml,Túi," 42,000 ",ABA
KDR1,Kem đánh răng Doreen Trà xanh 200gr,Hộp," 23,000 ",ABA
KDR7,Kem đánh răng Doreen Xanh Ngọc 200gr,Tuýp," 16,000 ",ABA
KDR8,Kem đánh răng Doreen Tinh thể Băng 180g ,Tuýp," 23,000 ",ABA
RC1,Nước rửa chén Campax Chanh 400ml,Chai," 11,000 ",ABA
RC3,Nước rửa chén Campax Chanh 750ml,Chai," 20,000 ",ABA
3921018,Sua rua mat Bio Gold 100g,Tuýp," 136,000 ",BIOESSENCE
3921020,SUA RUA MAT DA DAU BIO RENEW 100G ,Tuýp," 145,000 ",BIOESSENCE
3921021,SUA RUA MAT DA KHO THUONG BIO RENEW 100G,Tuýp," 145,000 ",BIOESSENCE
3921022,GELTAY TE BAO CHET BIO RENEW 60G,Tuýp," 258,000 ",BIOESSENCE
3921024,BIO BIRD’S SRM NEST COLLAGEN  100G,Tuýp," 142,000 ",BIOESSENCE
3921026,Bio-essence Bio Water B5 Foamy Cleanser 100G,Tuýp," 136,000 ",BIOESSENCE
3921028,BE SRM BIO-WHITE PRO WHITENING 100G,Tuýp," 146,000 ",BIOESSENCE
3937011,TINH CHAT TRE HOA BIO RENEW 40ML,Chai," 449,000 ",BIOESSENCE
3937012,BIO TINH CHẤT BIRD’S NEST COLLAGEN ESSENCE 30G,Chai," 357,500 ",BIOESSENCE
3937013,BIO WATER TINH CHAT VITAMIN B5 30ML,Chai," 528,000 ",BIOESSENCE
3937016,BIO TINH CHAT GOLD DOUBLE SERUM 36G,Chai," 539,000 ",BIOESSENCE
3937017,BE TINH CHAT BIO-WHITE PRO WHITENING 30ML,Tuýp," 570,000 ",BIOESSENCE
3938007,Nuoc duong Bio Gold 150ml,Chai," 391,000 ",BIOESSENCE
3938010,NUOC HOA HONG BIO RENEW 100ML ,Chai," 270,500 ",BIOESSENCE
3938011,NUOC KHOANG DUONG DA BIO WATER 300ML,Chai," 320,500 ",BIOESSENCE
3938012,NUOC KHOANG DUONG DA BIO WATER 100ML,Chai," 150,500 ",BIOESSENCE
3938014,NUOC TAY TRANG BIO WATER 100ML,Chai," 87,500 ",BIOESSENCE
3938015,NUOC TAY TRANG BIO WATER 400ML,Chai," 233,500 ",BIOESSENCE
3938017,NUOC CAN BANG BIO BIRD'S NEST,Chai," 366,800 ",BIOESSENCE
3939015,Kem ngay Bio Gold 40g,Hủ," 456,000 ",BIOESSENCE
3939016,Kem dem Bio Gold 40g,Hủ," 456,000 ",BIOESSENCE
3939021,BIO KEM NÂNG CƠ VLIFT FLC BRIGHTENG 45G,Hủ," 457,000 ",BIOESSENCE
3939022,BIO KEM  NGÀY BIRD NEST COLLAGEN 50G,Hủ," 374,500 ",BIOESSENCE
3939023,KEM DUONG AM BIO WATER 50G,Hủ," 368,000 ",BIOESSENCE
3939024,BE KEM NGAY BIO-WHITE PRO WHITENING 50G,Hủ," 431,000 ",BIOESSENCE
3939025,BE KEM DEM BIO-WHITE PRO WHITENING 50G,Tuýp," 431,000 ",BIOESSENCE
3939026,BE KEM TRI NAM BIO-WHITE PRO WHITENING 25G,Tuýp," 359,000 ",BIOESSENCE
3939027,BE CHONG NANG BIO-WHITE PRO WHITENING 40G,Tuýp," 199,000 ",BIOESSENCE
3940005,BIO MAT NA DUONG AM 20ML,Miếng," 24,500 ",BIOESSENCE
3940006,BIO MAT NA DUONG TRANG 20ML,Miếng," 24,500 ",BIOESSENCE
3940007,BIO MAT NA DUONG TRE HOA 20ML,Miếng," 24,500 ",BIOESSENCE
3940011,BIO MẶT NẠ NGỦ NEST COLLAGEN  50G,Hủ," 374,500 ",BIOESSENCE
3940013,BIOTREASURE MẶT NẠ RAU MÁ 20ML ,Miếng," 32,000 ",BIOESSENCE
3940015,BIOTREASURE MẶT NẠ VITAMIN C 20ML ,Miếng," 32,000 ",BIOESSENCE
3940016,BIO MAT NA CAP AM WATER B5 20ML,Miếng," 25,000 ",BIOESSENCE
3941003,KEM CHONG NANG BIO WATER 40ML ,Chai," 179,000 ",BIOESSENCE
08CF00451,Cà phê Wake up Sài Gòn 24gói x 19gr,Bịch," 35,000 ",MASSAN
08CF00456,Cà phê VCF 3in1 Gold Original 24gói x 20gr,Bịch," 57,000 ",MASSAN
09NC00096,Sữa hạt ngũ cốc B'fast 20gói x 25gr,Bịch," 52,000 ",MASSAN
BDSS,Lộc Phát- Bí Đao Sương Sáo 500ml,Thùng," 182,000 ",LỘC PHÁT
CĐXL,Lộc Phát-Cháo Đậu Xanh Ly 24ly/Thùng,Thùng," 165,000 ",LỘC PHÁT
CĐXT,Lộc Phát- Cháo Sườn Hầm Đ.Xanh 50gx50gói/thùng,Thùng," 258,000 ",LỘC PHÁT
CĐXT1,Lộc Phát- Cháo Đậu Xanh 30gói/thùng,Thùng," 155,000 ",LỘC PHÁT
CKIDT,Lộc Phát- Cháo YẾN  KID IQ 30gói/Thùng,Thùng," 205,000 ",LỘC PHÁT
CTBL,Lộc Phát-Cháo Thịt Bằm Ly 24Ly/thùng,Thùng," 114,000 ",LỘC PHÁT
CYCT,Lộc Phát- Cháo yến chay nấm hương 30gói/Thùng,Thùng," 199,000 ",LỘC PHÁT
CYLTBT,Lộc Phát-Cháo Yến Ly 24ly/Thùng,Thùng," 220,000 ",LỘC PHÁT
CYTBT1,Lộc Phát- Cháo Yến 30gói/Thùng,Thùng," 211,000 ",LỘC PHÁT
NYNDT,Lộc Phát-Nước Yến Nha đam 24chai/Thùng,Thùng," 182,000 ",LỘC PHÁT
TBT415,Lộc Phát-Trà Bá Tước 415ml,Thùng," 170,000 ",LỘC PHÁT
I100G,Bánh gạo ICHI vị mật ong 100g (nhỏ),Gói," 14,000 ",ONEONE
I140G,Bánh gạo ICHI vị mật ong 140g,Gói," 19,000 ",ONEONE
I180G,Bánh gạo ICHI vị mật ong 180g (lớn),Gói," 24,000 ",ONEONE
OB,Bánh mặn One One vị Bò nướng 150g (nhỏ),Gói," 18,000 ",ONEONE
OB104,Bánh gạo One One tảo biển bạch tuộc 104g,Gói," 14,000 ",ONEONE
OM118G,Bánh mặn One One vị Pho mai Ngô 118g,Gói," 21,000 ",ONEONE
ON150,Bánh ngọt One One 150g (nhỏ),Gói," 14,000 ",ONEONE
ON230G,Bánh ngọt One One 230g (lớn),Gói," 20,000 ",ONEONE
OT,Bánh mặn One One vị tôm nướng 150gr (nhỏ),Gói," 18,000 ",ONEONE
PMS118G,Bánh Gạo One One Phô Mai Sữa 118g,Gói," 21,000 ",ONEONE
SN120G,Bánh One One sữa ngô 120g,Gói," 14,000 ",ONEONE
1B123039163,Lays Bò nướng 42g,Gói," 8,500 ",PESICO
1G123048125,Lays Gà cay Hàn Quốc 42g,Gói," 8,500 ",PESICO
1H123019163,Lays Tôm Trứng 42g,Gói," 8,500 ",PESICO
1K123052189,Lays Kem hành 442g,Gói," 8,500 ",PESICO
1M123016163,Lays Phô mai x 42g,Gói," 8,500 ",PESICO
1N123022163,Lays Tự nhiên x42g,Gói," 8,500 ",PESICO
1N123052188,Lays Nấm Truffle 42g,Gói," 8,500 ",PESICO
1S123002163,Lays Sườn BBQ 42g,Gói," 8,500 ",PESICO
1T123041163,Lays Tảo biển 42g,Gói," 8,500 ",PESICO
1W123051188,Lays Bò Wagyu 42g,Gói," 8,500 ",PESICO
20B123039152,Lays Thăn Bò nướng 90g,Gói," 16,500 ",PESICO
20B123039153,Lays Bò Wagyu 75g,Gói," 16,500 ",PESICO
20G123048152,Lays Gà cay Phô mai 90,Gói," 16,500 ",PESICO
20K123438041,Lays MAX Kem hành 75g ,Gói," 16,500 ",PESICO
20M123205152,Lays Phô Mai 90g,Gói," 16,500 ",PESICO
20N123206152,Lays Tự nhiên Classic 90g,Gói," 16,500 ",PESICO
20S123213152,Lays Sườn nướng BBQ 90g,Gói," 16,500 ",PESICO
20T123041152,Lays Tảo biển Nori 90g,Gói," 16,500 ",PESICO
5B120103151,Poca Bò lúc lắc 35g,Gói," 3,800 ",PESICO
5B120132151,Poca Bắp ngọt 35g,Gói," 3,800 ",PESICO
5B120139167,Poca Bí đỏ 35g,Gói," 3,800 ",PESICO
5G120124151,Poca Gà Quay 35g,Gói," 3,800 ",PESICO
5M120118151,Poca Mực lăn 35g,Gói," 3,800 ",PESICO
5M12013683,Poca Mực cay 35g,Gói," 3,800 ",PESICO
5PT120501121,Poca Phồng Tôm 35g,Gói," 3,800 ",PESICO
5Q120137160,Poca Que giòn 35g,Gói," 3,800 ",PESICO
5Q120138160,Poca Que Phô mai 35g,Gói," 3,800 ",PESICO
5T120102151,Poca Tôm Hùm 35g,Gói," 3,800 ",PESICO
6B123039028,Lays Thăn bò 35g,Gói," 5,000 ",PESICO
6C123055205,Lays Chiu® Tự Nhiên 35g,Gói," 5,000 ",PESICO
6G123048017,Lays Gà Cay Hàn Quốc 35g,Gói," 5,000 ",PESICO
6H23002024,Lays Tôm Trứng muối Hongkon 35g,Gói," 5,000 ",PESICO
6M123035024,Lays Phô mai 35g,Gói," 5,000 ",PESICO
6N123020024,Lays Tự nhiên 35g,Gói," 5,000 ",PESICO
6Q123054205,Lays Chiu® BBQ 35g,Gói," 5,000 ",PESICO
6S123013024,Lays Sườn BBQ 35g,Gói," 5,000 ",PESICO
6T123041024,Lays Tảo biển 35g,Gói," 5,000 ",PESICO
P1B120103175,Poca Bò Lúc Lắc 65g,Gói," 7,300 ",PESICO
P1B120132193,Poca Bắp Ngọt 65g,Gói," 7,300 ",PESICO
P1G120124184,Poca Gà Quay 65g,Gói," 7,300 ",PESICO
P1M120135175,Poca Mực Lăn 65g,Gói," 7,300 ",PESICO
P1P120501194,Poca Phồng 60g,Gói," 7,300 ",PESICO
P1Q120137184,Poca Que BBQ 70g,Gói," 7,300 ",PESICO
P1T102135177,Poca Tôm Nướng 65g ,Gói," 7,300 ",PESICO
301000007,Mì 3M Chay lá đa,Thùng,80000,UNIBEN
301000009,Mì 3M Tôm hùm,Thùng,80000,UNIBEN
301000021,Mì 3MG chua cay 3 cấp độ,Thùng," 116,000 ",UNIBEN
301000022,Mì 3MG Bò hầm rau thơm,Thùng," 116,000 ",UNIBEN
301000024,Mì 3MG Tôm chua cay đặc biệt,Thùng," 116,000 ",UNIBEN
301000030,Mì Reeva Lẩu nấm chua cay,Thùng," 215,000 ",UNIBEN
301000055,Mì 3M Tôm chua cay (X2 Tôm),Thùng," 72,000 ",UNIBEN
301000059,Mì Reeva Fresh Lẩu nấm chua ca,Thùng," 215,000 ",UNIBEN
301000060,Mì 3MG Tôm chua cay đb (2X Nước cốt),Thùng," 116,000 ",UNIBEN
301000061,Mì 3MG Bò hầm rau thơm (2X Nước cốt),Thùng," 116,000 ",UNIBEN
301000063,Mì 3M Tôm hùm (X2 Tôm),Thùng," 80,000 ",UNIBEN
301000068,Mì Reeva Fresh Lẩu nấm chua cay,Thùng," 215,000 ",UNIBEN
303000000,Hạt nêm 3M Thịt&Xương,Thùng," 400,000 ",UNIBEN
304000006,Nước mắn 3M Cá Cơm,Thùng," 340,000 ",UNIBEN
305000003,Boncha-Chanh 330ml,Thùng," 145,000 ",UNIBEN
HLBĐ220,Sữa Hà Lan Bịch 220ml - Có Đường,Thùng," 286,000 ",MILK
HLHD180,Sữa Hà Lan Hộp 180ml - Dâu,Thùng," 318,000 ",MILK
HLHĐ180,Sữa Hà Lan Hộp 180ml - Có Đường,Thùng," 318,000 ",MILK
MLH180,Sữa Milo Hộp 180ml,Thùng," 344,000 ",MILK
SSC80,Sữa Su Su Lọ 80ml - Cam,Thùng," 165,000 ",MILK
SSD80,Sữa Su Su Lọ 80ml - Dâu,Thùng," 165,000 ",MILK
SST80,Sữa Su Su Lọ 80ml - Táo,Thùng," 165,000 ",MILK
VBĐ220,Sữa Vinamilk Bịch 220ml - Có Đường,Thùng," 319,000 ",MILK
VBKĐ220,Sữa Vinamilk Bịch 220ml - Không Đường,Thùng," 319,000 ",MILK
VH1LĐ,Sữa Vinamilk Hộp 1L - Có Đường ,Thùng," 371,000 ",MILK
VH1LKĐ,Sữa Vinamilk Hộp 1L - Không Đường ,Thùng," 371,000 ",MILK
VHĐ110,Sữa Vinamilk Hộp 110ml - Có Đường,Thùng," 219,000 ",MILK
VHĐ180,Sữa Vinamilk Hộp 180ml - Có Đường,Thùng," 340,000 ",MILK
VPNG380,Sữa Đặc Sao Giấy - Nhỏ  ( 24 Hộp x 380G ),Thùng," 19,000 ",MILK
VPNK1284,Sữa Đặc Sao Giấy - Lớn ( 12 Hộp x 1.284kg ),Thùng," 31,000 ",MILK
YMC170,Sữa Yomost Cam 170ml ,Thùng," 318,000 ",MILK
YMD170,Sữa Yomost Dâu 170ml ,Thùng," 318,000 ",MILK
101168467,Lipton Nhãn vàng 100 góix36,Hộp,118000,DKSH
101168468,Lipton Trà xanh SD Tuoi moi 18x25x1.5g,Hộp,43000,DKSH
101168469,Lipton Trà xanh SD Tuoi moi 12x(50x1.5g),Hộp,73000,DKSH
101168490,Lipton English Breakfast 18 (25x2.4g),Hộp,68000,DKSH
101168493,Lipton Nhãn Vàng 50 gói x24,Hộp,73000,DKSH
101168494,Lipton Nhãn Vàng 25 gói x48,Hộp,43000,DKSH
101168495,Lipton Trà sữa Oolong 17gx30 hộp,Hộp,52000,DKSH
101168496,Lipton Trà sữa Matcha 17gx30 hộp,Hộp,52000,DKSH
101168497,Lipton Vị Xoài 17gx30 hộp,Hộp,42000,DKSH
101168498,Lipton Ice Tea Chanh 14gx30 hộp,Hộp,42000,DKSH
101168499,Lipton Ice Tea Đào 14gx30 hộp,Hộp,42000,DKSH
101168500,Lipton Ice Tea Chanh 16(2x16x14g+BTTL),Bộ,87000,DKSH
1011685001,Lipton Ice Tea Xoài 16(2x16x14g+BTTL),Bộ,87000,DKSH
101168501,Lipton Ice Tea Đào 16(2x16x14g+BTTL),Bộ,87000,DKSH
101168502,Lipton Nhãn Vàng Envelope 100gói,Hộp,207000,DKSH
101168505,Lipton Ba Tuoc 18x25x2g,Hộp,68000,DKSH
101186590,Lipton Nhãn Vàng Hexagon 18x30sx2g,Hộp,57000,DKSH
A100363569,Axo Xanh duong 400Ml,Chai,27000,DKSH
A100363570,Axo Hong 400Ml,Chai,27000,DKSH
A100363571,Axo Xanh lá 400ML,Chai,27000,DKSH
A100363572,Axo Xanh Duong 800Ml,Chai,50000,DKSH
A100363573,Axo Hồng 800ML,Chai,50000,DKSH
A100363574,Axo Xanh La 800Ml,Chai,50000,DKSH
A100508716,Axo Tím 400Ml,Chai,27000,DKSH
A100508717,Axo Tím 800Ml,Chai,50000,DKSH
A100508718,AXO Trắng Thanh Khiết 800ml,Chai,54000,DKSH
A100569931,Axo Hồng 1.8L,Chai,103000,DKSH
B101034016,BCS One True Fit 3pcs-Xanh lá,Hộp,36000,DKSH
B101034017,BCS One Super Sensitive 3pcs-Xanh dương,Hộp,52000,DKSH
B101034019,BCS One Super Studs 3pcs-Cam,Hộp,58000,DKSH
B101034060,BCS One Mixed Pleasure 3pcs-Tím,Hộp,60000,DKSH
D100794127,Devondale Sữa bột 1Kg x 8 gói ,Gói,279000,DKSH
D100965027,Devondale FullCream Xanh 6x200ml,Thùng,318000,DKSH
D100965028,Devondale FullCream Xanh 1Lx10,Thùng,460000,DKSH
D100965029,Sữa Devondale Fullcream 2L x 6 hộp,Hộp,81000,DKSH
D100965030,Sữa Devondale Fullcream Dâu 6x200ml,Thùng,347000,DKSH
G100363575,Green Cross RT Táo 100ML,Chai,26000,DKSH
G100363576,Green Cross RT Tự nhiên 100ML,Chai,26000,DKSH
G100363577,Green Cross RT Trà Xanh 100ML,Chai,26000,DKSH
G100363578,Green Cross RT Dứa Táo 250ML,Chai,44000,DKSH
G100363579,Green Cross RT Tự Nhiên 250ML,Chai,44000,DKSH
G100363580,Green Cross RT Trà Xanh 250ML,Chai,44000,DKSH
G100395687,Green Cross Xịt Dứa Táo 70ML,Chai,32000,DKSH
G100395688,Green Cross Xịt Tự nhiên 70ML,Chai,32000,DKSH
G100395689,Green Cross Xịt Trà Xanh 70ML,Chai,32000,DKSH
G100395700,Green Cross GEL Dứa Táo 100ML,Chai,39000,DKSH
G100395701,Green Cross GEL Tự nhiên 100ML,Chai,39000,DKSH
G100395702,Green Cross GEL Trà xanh 100ML,Chai,39000,DKSH
G100472642,Green Cross Xịt A2 Xanh Fresh 500ML,Chai,64000,DKSH
G100533313,Green Cross Xịt A2 Cam Summer 500ML,Chai,64000,DKSH
G100760039,Gatsby Kem Dưỡng Tóc 125g,Hũ,27000,DKSH
G100760110,GATSBY Gel Mềm Tím 170g,Tuýp,39000,DKSH
G100811359,Greencross DD 500ml,Chai,102000,DKSH
G100885874,GB Khăn ướt BODY ICE CITRUS 30 tờ,Gói,102000,DKSH
G100908621i,Gatsby Gel Tối Ưu Đen 170G,Tuyp,39000,DKSH
G100922273,Gatsby Pomade Classy Dry Xám 75G,Hộp,71000,DKSH
G100922274i,Gatsby Pomade Perfect Raise Đen 75G,Hộp,71000,DKSH
G100922275,Gatsby Pomade Retro Xám 75G,Hộp,71000,DKSH
G100938396,GATSBY Gel Cứng Xanh 170G,Tuýp,39000,DKSH
G100938397,Gatsby Gel Siêu cứng Vàng 170G,Tuyp,39000,DKSH
G101006032,Gatsby Wax H&F Xanh 75G,Hũ,62000,DKSH
G101006033,Gatsby Wax M&H Đen 75G,Hũ,62000,DKSH
G101006034,Gatsby Wax P&S Đỏ 75G,Hũ,62000,DKSH
G101006035,Gatsby Wax 25g,Hũ,31000,DKSH
G101006037,GATSBY Keo xịt Siêu Cứng 250ML,Chai,92000,DKSH
G101109117,Gatsby SRM Strong Clear Foam 130g,Tuýp,63000,DKSH
G101109119,Gatsby SRM Perfect Scrub 130g,Tuýp,63000,DKSH
I100925797,ST. IVES ST Yến mạch & Bơ 473ML,Chai,131000,DKSH
I100925798,ST. IVES ST Hương mơ 473ML,Chai,131000,DKSH
I100925799,ST. Ives ST Muối Biển 473ML,Chai,131000,DKSH
I100925800,ST. IVES ST Cam Chanh 473ML,Chai,131000,DKSH
I100925802,ST. IVES ST Yến mạch&Bơ 650ML,Chai,160000,DKSH
I100925803,ST. IVES ST Muối biển 650ml,Chai,160000,DKSH
I100925804,ST. IVES ST Cam Chanh 650ml,Chai,160000,DKSH
I100925805,ST. IVES ST Hoa hồng&Lô Hội 650ml,Chai,160000,DKSH
I100925808,ST. IVES SDT Vitamin E và Bơ 621ML,Chai,160000,DKSH
I100925809,ST. IVES SDT Lúa Mạch và Bơ 621ml,Chai,160000,DKSH
I100925810,ST. IVES SDT Trẻ hóa Collagen 621ml,Chai,160000,DKSH
I100996278,ST. IVES SRM Trà xanh 170G,Tuýp,113000,DKSH
I100996279,ST. IVES SRM Chiết xuất mơ 170g,Tuýp,113000,DKSH
I100996411,ST. IVES SRM Hương mơ 170g,Tuýp,113000,DKSH
I100996413,ST. IVES SRM Café 170G,Tuýp,113000,DKSH
I101059009,ST. IVES SRM Bơ&Mật Ong 170G,Tuýp,113000,DKSH
I101078938,St.Ives Gel RM Blemish Care Tram Tra 200ML,Chai,167000,DKSH
I101117363,ST. IVES SRM Hoa Hồng&Lô Hội 170G,Tuýp,113000,DKSH
I101123825,St.Ives Dưỡng Da 30ml,Tuýp,87000,DKSH
J100712614,JUMBO C.Trùng Cam Chanh 300ML,Chai,38000,DKSH
J100712615,JUMBO C.Trùng Lavender 300ML,Chai,38000,DKSH
J100712616,JUMBO C.Trùng Lài 300ML,Chai,38000,DKSH
J100712617,JUMBO C.Trùng Cam Chanh 600ML,Chai,67000,DKSH
J100712618,JUMBO C.Trùng Lavender 600ML,Chai,67000,DKSH
J100712619,JUMBO C.Trùng Lài 600ML,Chai,67000,DKSH
J100712620,JUMBO Muỗi F9 Cam Chanh 600ML,Chai,60000,DKSH
J100712621,Jumbo FA K mùi 600ml,Chai,60000,DKSH
J100792482,JUMBO Chất xông muỗi đơn,Cái,31000,DKSH
J100792483,JUMBO Bộ xông đuổi muỗi,Bộ,56000,DKSH
J100792484,Jumbo Chất xông đôi,Bộ,55000,DKSH
J100842799,JUMBO C.trùng K mùi Odourless 600ml,Chai,67000,DKSH
J100843151,JUMBO C.trùng K mùi Odourless 300ml,Chai,38000,DKSH
J100886064,Jumbo Nhang S2,Hộp,13000,DKSH
J100912516,Jumbo Nhang K5,Hộp,9000,DKSH
J100942723,JUMBO One Push 60 Xịt,Chai,53000,DKSH
J100974080,JUMBO XỊT Ctrung Chanh&K mùi 600ml+4HopS2,Bộ,155000,DKSH
J101015514,Jumbo M2 Nhang Lài Vàng,Hộp,9000,DKSH
J101015517,Kaori Xịt Phòng Cam 280ml,Chai,41000,DKSH
J101015518,Kaori Xịt Phòng Hoa Hồng 280ml,Chai,41000,DKSH
J101015519,Kaori Xịt Phòng Hương Biển 280ml,Chai,41000,DKSH
J101015615,Nhang M22 Lavender,Hộp,9000,DKSH
J101068531,Jumbo Nhang S2+Hộp nhựa,Bộ,172000,DKSH
J101085448,Jumbo Xịt C.trùng Trà 600ml,Chai,67000,DKSH
K100743266,Milo Chocobar 30g,Thanh,12000,DKSH
K100753907,Kitkat Trà Xanh 8 thanh 2F 17gx8,Gói,76000,DKSH
K100753908,KitKat Thanh 2F Trà xanh 17g,Thanh,11000,DKSH
K100793955,KitKat 6 thanh 2F B/F (6X17G) Cocoa,Gói,39000,DKSH
K100793956,KitKat Thanh 4F B/F 35G Cocoa,Thanh,15000,DKSH
K100793959,Kitkat Gói 12 thanh 2F 12X17g Cocoa,Gói,75000,DKSH
K100793960,KitKat Cocoa Bites 40g,Thanh,23000,DKSH
K100793966,KitKat Thanh 4F Trà xanh 35G,Thanh,20000,DKSH
K100793993,Kitkat Chunky 38g-Cocoa,Thanh,17000,DKSH
K100793994,KitKat Gói 3 thanh Chunky 3x38G,Gói,48000,DKSH
K100864457,KitKat Thanh Chunky Bánh Quy 38g,Thanh,18000,DKSH
K100998855,KitKat Thanh 2F BF 17g Cocoa,Thanh,7000,DKSH
K100998856,Milo Viên Nuggets 25g,Gói,15000,DKSH
K101060029,Kitkat Chunky Pack 3_114g_Tet,Hộp,52000,DKSH
K101084637,Kitkat Pack 6 thanh_102g TET,Hộp,40000,DKSH
K101084638,KitKat goi SB 12 204g Tet,Hộp,82000,DKSH
K101084639,Kitkat Tra xanh SB 8_136g_Tet,Gói,82000,DKSH
K101084661,Combo Milo 108.5g_TET,Hộp,58000,DKSH
K101084662,Kitkat JP Dâu 11 thanh_TET,Hộp,95000,DKSH
K101084663,Nestle Bánh quy Socola 4x31g,Hộp,25000,DKSH
K101084664,Nestle Bánh quy 372g_TET,Hộp,92000,DKSH
K101185188,Kitkat Gold SB_136g_Tet,Gói,84000,DKSH
L100857684,Lactacyd Milky TG Trẻ em 500ML,Chai,162000,DKSH
L100864736,Lactacyd Odor Fresh 150ML,Hộp,49000,DKSH
L100942174,LACTACYD DDVS Soft&Silky 150ML,Chai,56000,DKSH
L100942175,LACTACYD DDVS Soft&Silky 250ml,Chai,83000,DKSH
L101001848i,Lactacyd Milky Trẻ em 250ml,Chai,95000,DKSH
L101044511,Lactacyd ST Trẻ Em BB 250ml,Chai,95000,DKSH
L101081953,Combo Lactacyd 2Milky250+2Pearly,Bộ,258000,DKSH
L101081954,Combo Lactacyd 6xMilky250,Bộ,499000,DKSH
L101081955,Combo Lactacyd 6xFresh250ml,Bộ,388000,DKSH
L101081956,Combo Lactacyd 3xFresh250ml+3Milky250,Bộ,443000,DKSH
L101081957,Combo Lactacyd 3Nourish150+2NR60ml,Bộ,197000,DKSH
L101081958,Lactacyd BB 500ml+Prosen150ml,Bộ,180000,DKSH
L101081959,Lactacyd Milky 500ml+Prosen150ml,Bộ,180000,DKSH
L101081960,Combo Gentle 500mlx2+4x60ml,Bộ,321000,DKSH
L101099107,Lactacyd DDVS Odor Fresh 250ml,Chai,72000,DKSH
L101099110,Lactacyd DDVS Pro Sensitive 150ml,Chai,56000,DKSH
L101099111,Lactacyd DDVS Pro Sensitive 250ml,Chai,83000,DKSH
L101113917,Lactacyd Pearly Intimate 150ML,Chai,63000,DKSH
L101159847,Lactacyd BB 500ML,Chai,162000,DKSH
M100745900,T.an Cho con-Vi bo trung sot 80g,Gói,51000,DKSH
M100746012,T.An Cho-Vi thit Bo&rau cu tui 1.5 kg,Gói,118000,DKSH
M100746014,Thuc an meo-ca bien 20kg,Bao,1680000,DKSH
M100746015,Thuc An Cho-Vi Ga&rau cu tui 1.5 kg,Gói,118000,DKSH
M100746025,Thuc An Cho con-Vi Ga nau sot 130g,Gói,18000,DKSH
M100746026,Thuc An Cho-Vi Ga nau sot 130g,Gói,18000,DKSH
M100746027,T.An Meo Con- vi ca bien&sua 1.1kg,Túi,129000,DKSH
M100746028i,Thuc An Meo-Vi Ca thu tui 1.2 kg,Túi,129000,DKSH
M100746029,Thuc An Meo-Vi Ca bien tui 480g,Gói,60000,DKSH
M100746030,Thuc An Meo-Vi ca bien 7kg,Bao,701000,DKSH
M100746031,Thuc An Meo vi Ca ngu tui 1.2 kg,Gói,129000,DKSH
M100746032,Thuc An Meo vi Ca bien tui 1.2 kg,Gói,129000,DKSH
M100746033,Thuc An Meo-Vi Ca ngu tui 480g,Gói,60000,DKSH
M100746034,Thức Ăn Mèo Vị cá BIS gói 400g,Gói,39000,DKSH
M100746035,Thức ăn mèo Vị cá biển lon 400g,Lon,43000,DKSH
M100746114,Catsan - Cát VS cho mèo,Túi,114000,DKSH
M100746115,Catsan - Cát VS cho mèo 9L,Túi,205000,DKSH
M100750182,T.An Cho vi bo&rau cu tui 500g,Gói,44000,DKSH
M100808286,T.An Meo Con- vi ca bien&sua 450g,Túi,62000,DKSH
M100839923,Thuc An Meo-Vi ca bien tui 3kg,Gói,320000,DKSH
M100864325,Thuc An Meo-vi ca thu BIS gói 400g,Gói,39000,DKSH
M100886065,T.An vat Cho - bo xong khoi 80g,Gói,38000,DKSH
M100886066,Thuc an vat Cho - gan nuong 80g,Gói,38000,DKSH
M100886067,T.An vat Cho - bo xong khoi que 60g,Gói,38000,DKSH
M100886068,Thuc an vat Cho heo muoi que 60g,Gói,38000,DKSH
M100886069,Banh xuong Cho trung 98g,Gói,40000,DKSH
M100886124,Banh xuong cho nho 56g (new),Gói,38000,DKSH
M100886125,Banh xuong Cho con 75g (new),Gói,38000,DKSH
M100886126,Temptation Ca ngu 85g,Gói,55000,DKSH
M100886226,Sốt Temptation 48g,Gói,38000,DKSH
M100899226,Banh xuong cham soc rang cho kieng 60g,Gói,38000,DKSH
M100899230,Thuc an cho gion 60g,Gói,40000,DKSH
M100944496,Sot Cho Lon Bo ham Rau Cu 130G,Gói,18000,DKSH
M100944497,Sot cho lon - Vi gan nuong & rau 130g,Gói,18000,DKSH
M100944498,"Sot cho con - Vi ga, gan trung & rau 80g",Gói,13000,DKSH
M100944499,"Sot cho lon - Vi ga, gan nuong & rau 80g",Gói,13000,DKSH
M100944840,Sot cho lon - Vi bo nuong & rau 80g,Gói,13000,DKSH
M100954694,Thuc An Meo-Vi thu&Ca hoi tui 85g,Gói,13000,DKSH
M100955623,Thuc An Meo-Vi Ca ngu dang tui 85g,Gói,13000,DKSH
M100955624,Thuc An Meo-Vi thu tui 85g,Gói,13000,DKSH
M100955625,T.An Meo-Vi Ca Bien dang tui 85g,Gói,13000,DKSH
M100955627,T.An Meo con-Vi Ca ngu tui 85g,Gói,13000,DKSH
M101073468,T.An Cho con-Vi Ga & trung&sua 400g,Gói,51000,DKSH
M101080792,T.An Meo con-Vi Ca thu tui 85g,Gói,13000,DKSH
M101101178,Thức ăn mèo Vị cá ngừ lon 400g,Lon,43000,DKSH
M101144900,T.An Meo Con- ca thu 450g,Túi,62000,DKSH
M101144901,T.An Meo Con- ca thu 1.1kg,Túi,129000,DKSH
M101144903,Thức ăn mèo Vị Gà&cá ngừ 85g,Gói,13000,DKSH
M101886066,T.An vat Cho - ga xong khoi 80g,Gói,38000,DKSH
M110955627,Combo 6+1 Meo con-Ca ngu 80g,Bộ,77000,DKSH
P100760121,Pucelle NH Jolly Tím 75ml,Chai,28000,DKSH
P100760122,Pucelle NH Spacking Hồng 75ML,Chai,28000,DKSH
P100760124,Pucelle NH WO Xanh dương 75ml,Chai,28000,DKSH
P100760127,Pucelle NH Thu Ran 100ml,Chai,41000,DKSH
P100760128,Pucelle NH Xuân Sakura 100ml,Chai,41000,DKSH
P100760129,Pucelle NH 150ml,Chai,48000,DKSH
P100760131,Lovillea NH 100ML,Chai,26000,DKSH
P100760135,Pucelle Blooming Blossom 75ml,Chai,28000,DKSH
P100945508,Pucelle NH Perfect Getaway Cam 75ml,Chai,28000,DKSH
S100849031,SIMPLE Nước Tẩy Trang Micellar Water 200ML,Chai,167000,DKSH
U100810932,XBC CAMAY Classic Hồng 125G,Cục,14000,DKSH
U100810933,XBC CAMAY Chic Đen 125G,Cục,14000,DKSH
U100810934,XBC CAMAY Naturel Trắng 125G,Cục,14000,DKSH
U100931314,Monsavon ST Sữa&Vani 1L,Chai,177000,DKSH
U101097698,XBC Lux Xanh Aqua 80G ,Cục,10000,DKSH
U101097699,XBC Lux Hồng Soft 80G ,Cục,10000,DKSH
U101097750,XBC Lux Tím Magical 80G ,Cục,10000,DKSH
U101097751,XBC Lux Trang Velvet 80G ,Cục,10000,DKSH
U101117234,GEL TAM H. HOA HONG CAMAY PARIS 500ML,Chai,102000,DKSH
U101117235,GEL TAM H. OAI HUONG CAMAY PARIS 500ML,Chai,102000,DKSH
U101117236,GEL TAM CAMAY 500ML+XBC,Chai,89000,DKSH
U101117237,Dầu gội Lux 450g,Chai,156000,DKSH
V100873909,Vaseline Dưỡng Môi Hồng xinh 7G,Hũ,73000,DKSH
V100873910,Vaseline Dưỡng Môi Mềm mịn 7G,Hũ,73000,DKSH
V100873911,Vaseline Dưỡng Môi Ngọt ngào 7G,Hũ,73000,DKSH
V100891414,Vaseline Sáp dưỡng ẩm 50ml,Hũ,50000,DKSH
V100891415,Vaseline Sap Duong Am 100ml,Hũ,83000,DKSH
V100932526,Vaseline Dưỡng Môi Mềm Mịn 4.8g,Cây,57000,DKSH
V100932527,Vaseline Dưỡng môi hồng xinh 4.8g,Cây,57000,DKSH
V100932528,Vaseline Dưỡng môi Lô hội 4.8g,Cây,57000,DKSH
V100932529,Vaseline Dưỡng môi Cacao 4.8g,Cây,57000,DKSH
Y101072549,Cốt gà BRAND'S 42ml 6x12x72,Lốc 6,162000,DKSH
Y101072563,Nước yến BRAND'S có đường 42ml 6x8x48,Lốc 6,493000,DKSH
Y101072565,Nước yến BRAND'S có đường 70ml 6x8x48,Lốc 6,750000,DKSH
Y101072567,Nước yến BRAND'S k đường 42ml,Lốc 6,493000,DKSH
Y101072569,Nước yến BRAND'S k đường 70ml,Lốc 6,750000,DKSH
Y101106269,Bộ 2 Nước cốt gà BRAND'S 42mlx6,Bộ,178000,DKSH
Y101106340,Bộ 2 nước cốt gà BRAND'S 70mlx6,Bộ,271000,DKSH
Y101106342,Nuoc cot ga Brand's Choco 70ml,Lốc 6,238000,DKSH
Z100363564,Zonrox Tẩy Xanh lá-Chanh 1L,Chai,17000,DKSH
Z100363565,Zonrox Tẩy Hồng-Hoa cỏ 1L,Chai,17000,DKSH
Z100363566,Zonrox Tẩy Xanh Dương-Thiên nhiên 1L,Chai,17000,DKSH
Z101099386,Aptamil 2-900g,Lon,764000,DKSH
N15001,Nước Satori chai 1.5l (12c/thùng),Thùng,123000,SATORI
N3501,Nước  Satori chai 350ml (24c/thùng),Thùng,110000,SATORI
N5001,Nước Satori chai 500ml (24c/thùng),Thùng,123000,SATORI