Tên kho,Mã hàng,Tên hàng,ĐVT,Nhóm VTHH,Đơn giá cố định
Chăm sóc gia đình,GT.5451.S.10A,"Gạo Thơm Lài, túi 10kg",kg," 13,000 ",AAN
Chăm sóc gia đình,GT.ANLANH.S.05A,"Gạo An Lành, túi 05kg",kg," 13,000 ",AAN
Chăm sóc gia đình,GT.ANLANH.S.10A,"Gạo An Lành, túi 10kg",kg," 13,000 ",AAN
Chăm sóc gia đình,GT.DT8.S.05B,"Gạo Đài Thơm, túi 05kg",kg," 20,000 ",AAN
Chăm sóc gia đình,GT.DT8.S.10A,"Gạo Đài Thơm, túi 10kg",kg," 14,000 ",AAN
Chăm sóc gia đình,GT.JAPO.S.05B,"Gạo Japonica, túi 05kg",kg," 22,000 ",AAN
Chăm sóc gia đình,GT.ST21.S.05D,"Gạo ST21, túi 05kg",kg," 24,000 ",AAN
Chăm sóc gia đình,GT.ST24.S.05C,"Gạo ST24, túi 05kg",kg," 33,000 ",AAN
Chăm sóc gia đình,GT.ST25.S.05C,"Gạo ST25, túi 05kg",kg," 33,000 ",AAN
Chăm sóc gia đình,GT.ST25T.S.05B,"Gạo ST25 lúa tôm, túi 05kg",kg," 40,000 ",AAN
Chăm sóc gia đình,A11,"Bột giặt nhiệt Aba 1,15kg",Gói," 46,000 ",ABA
Chăm sóc gia đình,A2,Bột giặt nhiệt Aba 2 kg,Gói," 78,000 ",ABA
Chăm sóc gia đình,A26,Bột giặt nhiệt Aba Junco 2.6kg,Gói," 114,000 ",ABA
Chăm sóc gia đình,A29,Bột giặt nhiệt Aba 2.9kg,Gói," 114,000 ",ABA
Chăm sóc gia đình,A291,Bột giặt nhiệt Aba 2.9kg (giặt máy),Gói," 109,000 ",ABA
Chăm sóc gia đình,A350,Bột giặt nhiệt Aba Nước Hoa 350gr,Gói," 17,000 ",ABA
Chăm sóc gia đình,A380,Bột giặt nhiệt Aba 380gr,Gói," 17,000 ",ABA
Chăm sóc gia đình,A4,Bột giặt nhiệt Aba Nước Hoa 4kg,Gói," 151,000 ",ABA
Chăm sóc gia đình,A43,"Bột giặt nhiệt Aba 4,3 kg",Gói," 151,000 ",ABA
Chăm sóc gia đình,A53,"Bột giặt nhiệt Aba Junco 5,3 kg",Gói," 201,000 ",ABA
Chăm sóc gia đình,A57,Bột giặt nhiệt Aba 5.7kg,Gói," 201,000 ",ABA
Chăm sóc gia đình,A700,Bột giặt nhiệt Aba Nước Hoa 700gr,Gói," 33,000 ",ABA
Chăm sóc gia đình,A770,Bột giặt nhiệt Aba 770gr,Gói," 33,000 ",ABA
Chăm sóc gia đình,AN19H,Nước giặt Aba Hồng 1.9kg,Túi," 87,000 ",ABA
Chăm sóc gia đình,AN19V,Nước giặt Aba Vàng 1.9kg,Túi," 87,000 ",ABA
Chăm sóc gia đình,AN27,Nước giặt Aba Matic 2.75L Đỏ ,Chai," 112,000 ",ABA
Chăm sóc gia đình,AN271,Nước giặt Aba Matic 2.75L Xanh ,Chai," 112,000 ",ABA
Chăm sóc gia đình,AN36,Nước giặt Aba Vàng 3.6kg,Túi," 146,000 ",ABA
Chăm sóc gia đình,AN36H,Nước giặt Aba Hồng 3.6kg,Túi," 146,000 ",ABA
Chăm sóc gia đình,BK2,Bột giặt Binky 2kg,Gói," 50,000 ",ABA
Chăm sóc gia đình,BK23,Nước giặt Binky Hồng 2.3L,Túi," 71,000 ",ABA
Chăm sóc gia đình,BK231,Nước giặt Binky Xanh 2.3L,Túi," 71,000 ",ABA
Chăm sóc gia đình,BK311,Nước giặt Binky 3.1L Hồng,Túi," 90,000 ",ABA
Chăm sóc gia đình,BK312,Nước giặt Binky 3.1L Xanh,Túi," 90,000 ",ABA
Chăm sóc gia đình,BK33H,Nước giặt Binky 3.3kg Hồng,Chai," 108,000 ",ABA
Chăm sóc gia đình,BK33X,Nước giặt Binky 3.3kg Xanh ,Chai," 108,000 ",ABA
Chăm sóc gia đình,BK43,Bột giặt Binky 4.3kg,Gói," 106,000 ",ABA
Chăm sóc gia đình,BK520,Bột giặt Binky 520g,Gói," 14,000 ",ABA
Chăm sóc gia đình,BK57,Bột giặt Binky 5.7kg,Gói," 136,000 ",ABA
Chăm sóc gia đình,EBNGH,Kem Biona Nghệ,Hộp," 14,000 ",ABA
Chăm sóc gia đình,EKEN,Kem bôi da Kentax 10%,Hộp," 9,000 ",ABA
Chăm sóc gia đình,ELOT,Keo lột E100 lớn,Hộp," 18,000 ",ABA
Chăm sóc gia đình,EMUN,Kem E100 Nghệ,Hộp," 14,000 ",ABA
Chăm sóc gia đình,ETOM,Kem bôi da Tomax,Hộp," 8,000 ",ABA
Chăm sóc gia đình,JUNC82,Nước xả vải Junco 800ml Xanh Dương,Chai," 48,000 ",ABA
Chăm sóc gia đình,JUNC83,Nước xả vải Junco 800ml Đen,Chai," 48,000 ",ABA
Chăm sóc gia đình,JUNT4,Nước xả vải Junco Hồng 800ml,Túi," 42,000 ",ABA
Chăm sóc gia đình,KDR1,Kem đánh răng Doreen Trà xanh 200gr,Hộp," 23,000 ",ABA
Chăm sóc gia đình,KDR7,Kem đánh răng Doreen Xanh Ngọc 200gr,Tuýp," 16,000 ",ABA
Chăm sóc gia đình,KDR8,Kem đánh răng Doreen Tinh thể Băng 180g ,Tuýp," 23,000 ",ABA
Chăm sóc gia đình,RC1,Nước rửa chén Campax Chanh 400ml,Chai," 11,000 ",ABA
Chăm sóc gia đình,RC3,Nước rửa chén Campax Chanh 750ml,Chai," 20,000 ",ABA
Chăm sóc cá nhân,3921018,bio-essence sữa rửa mặt gold 100g,Tuýp," 136,000 ",BIOESSENCE
Chăm sóc cá nhân,3921020,bio-essence sữa rửa mặt da dau 100g ,Tuýp," 145,000 ",BIOESSENCE
Chăm sóc cá nhân,3921021,bio-essence sữa rửa mặt da kho thuong 100g,Tuýp," 145,000 ",BIOESSENCE
Chăm sóc cá nhân,3921022,bio-essence gel tẩy tế tế bào lão hóa 60g,Tuýp," 258,000 ",BIOESSENCE
Chăm sóc cá nhân,3921024,bio-essence bird’s sữa rửa mặt nest collagen 100g,Tuýp," 142,000 ",BIOESSENCE
Chăm sóc cá nhân,3921026,bio-essence water b5 foamy cleanser 100g,Tuýp," 136,000 ",BIOESSENCE
Chăm sóc cá nhân,3921028,bio-essence sữa rửa mặt -white pro whitening 100g,Tuýp," 146,000 ",BIOESSENCE
Chăm sóc cá nhân,3937011,bio-essence tinh chất trẻ hoa renew 40ml,Chai," 449,000 ",BIOESSENCE
Chăm sóc cá nhân,3937012,bio-essence tinh chất bird’s nest collagen essence 30g,Chai," 357,500 ",BIOESSENCE
Chăm sóc cá nhân,3937013,bio-essence water tinh chất vitamin b5 30ml,Chai," 528,000 ",BIOESSENCE
Chăm sóc cá nhân,3937016,bio-essence tinh chất gold double serum 36g,Chai," 539,000 ",BIOESSENCE
Chăm sóc cá nhân,3937017,bio-essence tinh chất -white pro whitening 30ml,Tuýp," 570,000 ",BIOESSENCE
Chăm sóc cá nhân,3938007,bio-essence nước dưỡng gold 150ml,Chai," 391,000 ",BIOESSENCE
Chăm sóc cá nhân,3938010,bio-essence nước hoa hong renew 100ml ,Chai," 270,500 ",BIOESSENCE
Chăm sóc cá nhân,3938011,bio-essence nước khoang dưỡng da water 300ml,Chai," 320,500 ",BIOESSENCE
Chăm sóc cá nhân,3938012,bio-essence nước khoang dưỡng da water 100ml,Chai," 150,500 ",BIOESSENCE
Chăm sóc cá nhân,3938014,bio-essence nước tay trắng water 100ml,Chai," 87,500 ",BIOESSENCE
Chăm sóc cá nhân,3938015,bio-essence nước tay trắng water 400ml,Chai," 233,500 ",BIOESSENCE
Chăm sóc cá nhân,3938017,bio-essence nước can bang bird's nest,Chai," 366,800 ",BIOESSENCE
Chăm sóc cá nhân,3939015,bio-essence kem ngay gold 40g,Hủ," 456,000 ",BIOESSENCE
Chăm sóc cá nhân,3939016,bio-essence kem dem gold 40g,Hủ," 456,000 ",BIOESSENCE
Chăm sóc cá nhân,3939021,bio-essence kem nâng cơ vlift flc brighteng 45g,Hủ," 457,000 ",BIOESSENCE
Chăm sóc cá nhân,3939022,bio-essence kem ngày bird nest collagen 50g,Hủ," 374,500 ",BIOESSENCE
Chăm sóc cá nhân,3939023,bio-essence kem dưỡng am water 50g,Hủ," 368,000 ",BIOESSENCE
Chăm sóc cá nhân,3939024,bio-essence kem ngay -white pro whitening 50g,Hủ," 431,000 ",BIOESSENCE
Chăm sóc cá nhân,3939025,bio-essence kem dem -white pro whitening 50g,Tuýp," 431,000 ",BIOESSENCE
Chăm sóc cá nhân,3939026,bio-essence kem tri nam -white pro whitening 25g,Tuýp," 359,000 ",BIOESSENCE
Chăm sóc cá nhân,3939027,bio-essence chong nắng -white pro whitening 40g,Tuýp," 199,000 ",BIOESSENCE
Chăm sóc cá nhân,3940005,bio-essence mặt nạ dưỡng am 20ml,Miếng," 24,500 ",BIOESSENCE
Chăm sóc cá nhân,3940006,bio-essence mặt nạ dưỡng trắng 20ml,Miếng," 24,500 ",BIOESSENCE
Chăm sóc cá nhân,3940007,bio-essence mặt nạ dưỡng trẻ hoa 20ml,Miếng," 24,500 ",BIOESSENCE
Chăm sóc cá nhân,3940011,bio-essence mặt nạ ngủ nest collagen 50g,Hủ," 374,500 ",BIOESSENCE
Chăm sóc cá nhân,3940013,bio-essence trẻasure mặt nạ rau má 20ml ,Miếng," 32,000 ",BIOESSENCE
Chăm sóc cá nhân,3940015,bio-essence trẻasure mặt nạ vitamin c 20ml ,Miếng," 32,000 ",BIOESSENCE
Chăm sóc cá nhân,3940016,bio-essence mặt nạ cap am water b5 20ml,Miếng," 25,000 ",BIOESSENCE
Chăm sóc cá nhân,3941003,bio-essence kem chong nắng water 40ml ,Chai," 179,000 ",BIOESSENCE
Chăm sóc gia đình,08CF00451,Cà phê Wake up Sài Gòn 24gói x 19gr,Bịch," 35,000 ",MASSAN
Chăm sóc gia đình,08CF00456,Cà phê VCF 3in1 Gold Original 24gói x 20gr,Bịch," 57,000 ",MASSAN
Chăm sóc gia đình,09NC00096,Sữa hạt ngũ cốc B'fast 20gói x 25gr,Bịch," 52,000 ",MASSAN
Thực phẩm và Bánh Trái,BDSS,Lộc Phát- Bí Đao Sương Sáo 500ml,Thùng," 182,000 ",LỘC PHÁT
Thực phẩm và Bánh Trái,CĐXL,Lộc Phát-Cháo Đậu Xanh Ly 24ly/Thùng,Thùng," 165,000 ",LỘC PHÁT
Thực phẩm và Bánh Trái,CĐXT,Lộc Phát- Cháo Sườn Hầm Đ.Xanh 50gx50gói/thùng,Thùng," 258,000 ",LỘC PHÁT
Thực phẩm và Bánh Trái,CĐXT1,Lộc Phát- Cháo Đậu Xanh 30gói/thùng,Thùng," 155,000 ",LỘC PHÁT
Thực phẩm và Bánh Trái,CKIDT,Lộc Phát- Cháo YẾN  KID IQ 30gói/Thùng,Thùng," 205,000 ",LỘC PHÁT
Thực phẩm và Bánh Trái,CTBL,Lộc Phát-Cháo Thịt Bằm Ly 24Ly/thùng,Thùng," 114,000 ",LỘC PHÁT
Thực phẩm và Bánh Trái,CYCT,Lộc Phát- Cháo yến chay nấm hương 30gói/Thùng,Thùng," 199,000 ",LỘC PHÁT
Thực phẩm và Bánh Trái,CYLTBT,Lộc Phát-Cháo Yến Ly 24ly/Thùng,Thùng," 220,000 ",LỘC PHÁT
Thực phẩm và Bánh Trái,CYTBT1,Lộc Phát- Cháo Yến 30gói/Thùng,Thùng," 211,000 ",LỘC PHÁT
Thực phẩm và Bánh Trái,NYNDT,Lộc Phát-Nước Yến Nha đam 24chai/Thùng,Thùng," 182,000 ",LỘC PHÁT
Thực phẩm và Bánh Trái,TBT415,Lộc Phát-Trà Bá Tước 415ml,Thùng," 170,000 ",LỘC PHÁT
Thực phẩm và Bánh Trái,I100G,Bánh gạo ICHI vị mật ong 100g (nhỏ),Gói," 14,000 ",ONEONE
Thực phẩm và Bánh Trái,I140G,Bánh gạo ICHI vị mật ong 140g,Gói," 19,000 ",ONEONE
Thực phẩm và Bánh Trái,I180G,Bánh gạo ICHI vị mật ong 180g (lớn),Gói," 24,000 ",ONEONE
Thực phẩm và Bánh Trái,OB,Bánh mặn One One vị Bò nướng 150g (nhỏ),Gói," 18,000 ",ONEONE
Thực phẩm và Bánh Trái,OB104,Bánh gạo One One tảo biển bạch tuộc 104g,Gói," 14,000 ",ONEONE
Thực phẩm và Bánh Trái,OM118G,Bánh mặn One One vị Pho mai Ngô 118g,Gói," 21,000 ",ONEONE
Thực phẩm và Bánh Trái,ON150,Bánh ngọt One One 150g (nhỏ),Gói," 14,000 ",ONEONE
Thực phẩm và Bánh Trái,ON230G,Bánh ngọt One One 230g (lớn),Gói," 20,000 ",ONEONE
Thực phẩm và Bánh Trái,OT,Bánh mặn One One vị tôm nướng 150gr (nhỏ),Gói," 18,000 ",ONEONE
Thực phẩm và Bánh Trái,PMS118G,Bánh Gạo One One Phô Mai Sữa 118g,Gói," 21,000 ",ONEONE
Thực phẩm và Bánh Trái,SN120G,Bánh One One sữa ngô 120g,Gói," 14,000 ",ONEONE
Thực phẩm và Bánh Trái,1B123039163,Lays Bò nướng 42g,Gói," 8,500 ",PESICO
Thực phẩm và Bánh Trái,1G123048125,Lays Gà cay Hàn Quốc 42g,Gói," 8,500 ",PESICO
Thực phẩm và Bánh Trái,1H123019163,Lays Tôm Trứng 42g,Gói," 8,500 ",PESICO
Thực phẩm và Bánh Trái,1K123052189,Lays Kem hành 442g,Gói," 8,500 ",PESICO
Thực phẩm và Bánh Trái,1M123016163,Lays Phô mai x 42g,Gói," 8,500 ",PESICO
Thực phẩm và Bánh Trái,1N123022163,Lays Tự nhiên x42g,Gói," 8,500 ",PESICO
Thực phẩm và Bánh Trái,1N123052188,Lays Nấm Truffle 42g,Gói," 8,500 ",PESICO
Thực phẩm và Bánh Trái,1S123002163,Lays Sườn BBQ 42g,Gói," 8,500 ",PESICO
Thực phẩm và Bánh Trái,1T123041163,Lays Tảo biển 42g,Gói," 8,500 ",PESICO
Thực phẩm và Bánh Trái,1W123051188,Lays Bò Wagyu 42g,Gói," 8,500 ",PESICO
Thực phẩm và Bánh Trái,20B123039152,Lays Thăn Bò nướng 90g,Gói," 16,500 ",PESICO
Thực phẩm và Bánh Trái,20B123039153,Lays Bò Wagyu 75g,Gói," 16,500 ",PESICO
Thực phẩm và Bánh Trái,20G123048152,Lays Gà cay Phô mai 90,Gói," 16,500 ",PESICO
Thực phẩm và Bánh Trái,20K123438041,Lays MAX Kem hành 75g ,Gói," 16,500 ",PESICO
Thực phẩm và Bánh Trái,20M123205152,Lays Phô Mai 90g,Gói," 16,500 ",PESICO
Thực phẩm và Bánh Trái,20N123206152,Lays Tự nhiên Classic 90g,Gói," 16,500 ",PESICO
Thực phẩm và Bánh Trái,20S123213152,Lays Sườn nướng BBQ 90g,Gói," 16,500 ",PESICO
Thực phẩm và Bánh Trái,20T123041152,Lays Tảo biển Nori 90g,Gói," 16,500 ",PESICO
Thực phẩm và Bánh Trái,5B120103151,Poca Bò lúc lắc 35g,Gói," 3,800 ",PESICO
Thực phẩm và Bánh Trái,5B120132151,Poca Bắp ngọt 35g,Gói," 3,800 ",PESICO
Thực phẩm và Bánh Trái,5B120139167,Poca Bí đỏ 35g,Gói," 3,800 ",PESICO
Thực phẩm và Bánh Trái,5G120124151,Poca Gà Quay 35g,Gói," 3,800 ",PESICO
Thực phẩm và Bánh Trái,5M120118151,Poca Mực lăn 35g,Gói," 3,800 ",PESICO
Thực phẩm và Bánh Trái,5M12013683,Poca Mực cay 35g,Gói," 3,800 ",PESICO
Thực phẩm và Bánh Trái,5PT120501121,Poca Phồng Tôm 35g,Gói," 3,800 ",PESICO
Thực phẩm và Bánh Trái,5Q120137160,Poca Que giòn 35g,Gói," 3,800 ",PESICO
Thực phẩm và Bánh Trái,5Q120138160,Poca Que Phô mai 35g,Gói," 3,800 ",PESICO
Thực phẩm và Bánh Trái,5T120102151,Poca Tôm Hùm 35g,Gói," 3,800 ",PESICO
Thực phẩm và Bánh Trái,6B123039028,Lays Thăn bò 35g,Gói," 5,000 ",PESICO
Thực phẩm và Bánh Trái,6C123055205,Lays Chiu® Tự Nhiên 35g,Gói," 5,000 ",PESICO
Thực phẩm và Bánh Trái,6G123048017,Lays Gà Cay Hàn Quốc 35g,Gói," 5,000 ",PESICO
Thực phẩm và Bánh Trái,6H23002024,Lays Tôm Trứng muối Hongkon 35g,Gói," 5,000 ",PESICO
Thực phẩm và Bánh Trái,6M123035024,Lays Phô mai 35g,Gói," 5,000 ",PESICO
Thực phẩm và Bánh Trái,6N123020024,Lays Tự nhiên 35g,Gói," 5,000 ",PESICO
Thực phẩm và Bánh Trái,6Q123054205,Lays Chiu® BBQ 35g,Gói," 5,000 ",PESICO
Thực phẩm và Bánh Trái,6S123013024,Lays Sườn BBQ 35g,Gói," 5,000 ",PESICO
Thực phẩm và Bánh Trái,6T123041024,Lays Tảo biển 35g,Gói," 5,000 ",PESICO
Thực phẩm và Bánh Trái,P1B120103175,Poca Bò Lúc Lắc 65g,Gói," 7,300 ",PESICO
Thực phẩm và Bánh Trái,P1B120132193,Poca Bắp Ngọt 65g,Gói," 7,300 ",PESICO
Thực phẩm và Bánh Trái,P1G120124184,Poca Gà Quay 65g,Gói," 7,300 ",PESICO
Thực phẩm và Bánh Trái,P1M120135175,Poca Mực Lăn 65g,Gói," 7,300 ",PESICO
Thực phẩm và Bánh Trái,P1P120501194,Poca Phồng 60g,Gói," 7,300 ",PESICO
Thực phẩm và Bánh Trái,P1Q120137184,Poca Que BBQ 70g,Gói," 7,300 ",PESICO
Thực phẩm và Bánh Trái,P1T102135177,Poca Tôm Nướng 65g ,Gói," 7,300 ",PESICO
Thực phẩm và Bánh Trái,301000007,Mì 3M Chay lá đa,Thùng,80000,Mì ba miền
Thực phẩm và Bánh Trái,301000009,Mì 3M Tôm hùm,Thùng,80000,Mì ba miền
Thực phẩm và Bánh Trái,301000021,Mì 3MG chua cay 3 cấp độ,Thùng," 116,000 ",Mì ba miền
Thực phẩm và Bánh Trái,301000022,Mì 3MG Bò hầm rau thơm,Thùng," 116,000 ",Mì ba miền
Thực phẩm và Bánh Trái,301000024,Mì 3MG Tôm chua cay đặc biệt,Thùng," 116,000 ",Mì ba miền
Thực phẩm và Bánh Trái,301000030,Mì Reeva Lẩu nấm chua cay,Thùng," 215,000 ",Mì ba miền
Thực phẩm và Bánh Trái,301000055,Mì 3M Tôm chua cay (X2 Tôm),Thùng," 72,000 ",Mì ba miền
Thực phẩm và Bánh Trái,301000059,Mì Reeva Fresh Lẩu nấm chua ca,Thùng," 215,000 ",Mì ba miền
Thực phẩm và Bánh Trái,301000060,Mì 3MG Tôm chua cay đb (2X Nước cốt),Thùng," 116,000 ",Mì ba miền
Thực phẩm và Bánh Trái,301000061,Mì 3MG Bò hầm rau thơm (2X Nước cốt),Thùng," 116,000 ",Mì ba miền
Thực phẩm và Bánh Trái,301000063,Mì 3M Tôm hùm (X2 Tôm),Thùng," 80,000 ",Mì ba miền
Thực phẩm và Bánh Trái,301000068,Mì Reeva Fresh Lẩu nấm chua cay,Thùng," 215,000 ",Mì ba miền
Thực phẩm và Bánh Trái,303000000,Hạt nêm 3M Thịt&Xương,Thùng," 400,000 ",Mì ba miền
Thực phẩm và Bánh Trái,304000006,Nước mắn 3M Cá Cơm,Thùng," 340,000 ",Mì ba miền
Thực phẩm và Bánh Trái,305000003,Boncha-Chanh 330ml,Thùng," 145,000 ",Mì ba miền
Thực phẩm và Bánh Trái,HLBĐ220,Sữa Hà Lan Bịch 220ml - Có Đường,Thùng," 286,000 ",MILK
Thực phẩm và Bánh Trái,HLHD180,Sữa Hà Lan Hộp 180ml - Dâu,Thùng," 318,000 ",MILK
Thực phẩm và Bánh Trái,HLHĐ180,Sữa Hà Lan Hộp 180ml - Có Đường,Thùng," 318,000 ",MILK
Thực phẩm và Bánh Trái,MLH180,Sữa Milo Hộp 180ml,Thùng," 344,000 ",MILK
Thực phẩm và Bánh Trái,SSC80,Sữa Su Su Lọ 80ml - Cam,Thùng," 165,000 ",MILK
Thực phẩm và Bánh Trái,SSD80,Sữa Su Su Lọ 80ml - Dâu,Thùng," 165,000 ",MILK
Thực phẩm và Bánh Trái,SST80,Sữa Su Su Lọ 80ml - Táo,Thùng," 165,000 ",MILK
Thực phẩm và Bánh Trái,VBĐ220,Sữa Vinamilk Bịch 220ml - Có Đường,Thùng," 319,000 ",MILK
Thực phẩm và Bánh Trái,VBKĐ220,Sữa Vinamilk Bịch 220ml - Không Đường,Thùng," 319,000 ",MILK
Thực phẩm và Bánh Trái,VH1LĐ,Sữa Vinamilk Hộp 1L - Có Đường ,Thùng," 371,000 ",MILK
Thực phẩm và Bánh Trái,VH1LKĐ,Sữa Vinamilk Hộp 1L - Không Đường ,Thùng," 371,000 ",MILK
Thực phẩm và Bánh Trái,VHĐ110,Sữa Vinamilk Hộp 110ml - Có Đường,Thùng," 219,000 ",MILK
Thực phẩm và Bánh Trái,VHĐ180,Sữa Vinamilk Hộp 180ml - Có Đường,Thùng," 340,000 ",MILK
Thực phẩm và Bánh Trái,VPNG380,Sữa Đặc Sao Giấy - Nhỏ  ( 24 Hộp x 380G ),Thùng," 19,000 ",MILK
Thực phẩm và Bánh Trái,VPNK1284,Sữa Đặc Sao Giấy - Lớn ( 12 Hộp x 1.284kg ),Thùng," 31,000 ",MILK
Thực phẩm và Bánh Trái,YMC170,Sữa Yomost Cam 170ml ,Thùng," 318,000 ",MILK
Thực phẩm và Bánh Trái,YMD170,Sữa Yomost Dâu 170ml ,Thùng," 318,000 ",MILK
Chăm sóc gia đình,101168467,Lipton Nhãn vàng 100 góix36,Hộp,118000,Uniliver
Chăm sóc gia đình,101168468,Lipton Trà xanh SD Tuoi moi 18x25x1.5g,Hộp,43000,Uniliver
Chăm sóc gia đình,101168469,Lipton Trà xanh SD Tuoi moi 12x(50x1.5g),Hộp,73000,Uniliver
Chăm sóc gia đình,101168490,Lipton English Breakfast 18 (25x2.4g),Hộp,68000,Uniliver
Chăm sóc gia đình,101168493,Lipton Nhãn Vàng 50 gói x24,Hộp,73000,Uniliver
Chăm sóc gia đình,101168494,Lipton Nhãn Vàng 25 gói x48,Hộp,43000,Uniliver
Chăm sóc gia đình,101168495,Lipton Trà sữa Oolong 17gx30 hộp,Hộp,52000,Uniliver
Chăm sóc gia đình,101168496,Lipton Trà sữa Matcha 17gx30 hộp,Hộp,52000,Uniliver
Chăm sóc gia đình,101168497,Lipton Vị Xoài 17gx30 hộp,Hộp,42000,Uniliver
Chăm sóc gia đình,101168498,Lipton Ice Tea Chanh 14gx30 hộp,Hộp,42000,Uniliver
Chăm sóc gia đình,101168499,Lipton Ice Tea Đào 14gx30 hộp,Hộp,42000,Uniliver
Chăm sóc gia đình,101168500,Lipton Ice Tea Chanh 16(2x16x14g+BTTL),Bộ,87000,Uniliver
Chăm sóc gia đình,1011685001,Lipton Ice Tea Xoài 16(2x16x14g+BTTL),Bộ,87000,Uniliver
Chăm sóc gia đình,101168501,Lipton Ice Tea Đào 16(2x16x14g+BTTL),Bộ,87000,Uniliver
Chăm sóc gia đình,101168502,Lipton Nhãn Vàng Envelope 100gói,Hộp,207000,Uniliver
Chăm sóc gia đình,101168505,Lipton Ba Tuoc 18x25x2g,Hộp,68000,Uniliver
Chăm sóc gia đình,101186590,Lipton Nhãn Vàng Hexagon 18x30sx2g,Hộp,57000,Uniliver
Chăm sóc gia đình,A100363569,Nước tẩy quần áo Axo Hương tươi mát 400Ml,Chai,27000,Green Cross
Chăm sóc gia đình,A100363570,Nước tẩy quần áo Axo Hương hoa Hương hoa hồng 400Ml,Chai,27000,Green Cross
Chăm sóc gia đình,A100363571,Nước tẩy quần áo Axo Hương mùa xuân 400ML,Chai,27000,Green Cross
Chăm sóc gia đình,A100363572,Nước tẩy quần áo Axo Hương tươi mát 800Ml,Chai,50000,Green Cross
Chăm sóc gia đình,A100363573,Nước tẩy quần áo Axo Hương hoa hồng 800ML,Chai,50000,Green Cross
Chăm sóc gia đình,A100363574,Nước tẩy quần áo Axo Hương mùa xuân 800Ml,Chai,50000,Green Cross
Chăm sóc gia đình,A100508716,Nước tẩy quần áo Axo Hương Lavender 400Ml,Chai,27000,Green Cross
Chăm sóc gia đình,A100508717,Nước tẩy quần áo Axo Hương Lavender 800Ml,Chai,50000,Green Cross
Chăm sóc gia đình,A100508718,Nước tẩy quần áo AXO Trắng Thanh Khiết 800ml,Chai,54000,Green Cross
Chăm sóc gia đình,A100569931,Nước tẩy quần áo Axo Hương hoa hồng 1.8L,Chai,103000,Green Cross
Chăm sóc gia đình,B101034016,Bao cao su One True Fit 3pcs-Xanh lá,Hộp,36000,DKSH
Chăm sóc gia đình,B101034017,Bao cao su One Super Sensitive 3pcs-Xanh dương,Hộp,52000,DKSH
Chăm sóc gia đình,B101034019,Bao cao su One Super Studs 3pcs-Cam,Hộp,58000,DKSH
Chăm sóc gia đình,B101034060,Bao cao su One Mixed Pleasure 3pcs-Tím,Hộp,60000,DKSH
Tiện ích và sức khỏe,D100794127,Devondale Sữa bột 1Kg x 8 gói ,Gói,279000,Devondale
Tiện ích và sức khỏe,D100965027,Devondale FullCream Xanh 6x200ml,Thùng,318000,Devondale
Tiện ích và sức khỏe,D100965028,Devondale FullCream Xanh 1Lx10,Thùng,460000,Devondale
Tiện ích và sức khỏe,D100965029,Devondale Fullcream 2L x 6 hộp,Hộp,81000,Devondale
Tiện ích và sức khỏe,D100965030,Devondale Fullcream Dâu 6x200ml,Thùng,347000,Devondale
Chăm sóc gia đình,G100363575,Green Cross RT Táo 100ML,Chai,26000,Green Cross
Chăm sóc gia đình,G100363576,Green Cross RT Tự nhiên 100ML,Chai,26000,Green Cross
Chăm sóc gia đình,G100363577,Green Cross RT Trà Xanh 100ML,Chai,26000,Green Cross
Chăm sóc gia đình,G100363578,Green Cross RT Dứa Táo 250ML,Chai,44000,Green Cross
Chăm sóc gia đình,G100363579,Green Cross RT Tự Nhiên 250ML,Chai,44000,Green Cross
Chăm sóc gia đình,G100363580,Green Cross RT Trà Xanh 250ML,Chai,44000,Green Cross
Chăm sóc gia đình,G100395687,Green Cross Xịt Dứa Táo 70ML,Chai,32000,Green Cross
Chăm sóc gia đình,G100395688,Green Cross Xịt Tự nhiên 70ML,Chai,32000,Green Cross
Chăm sóc gia đình,G100395689,Green Cross Xịt Trà Xanh 70ML,Chai,32000,Green Cross
Chăm sóc gia đình,G100395700,Green Cross GEL Dứa Táo 100ML,Chai,39000,Green Cross
Chăm sóc gia đình,G100395701,Green Cross GEL Tự nhiên 100ML,Chai,39000,Green Cross
Chăm sóc gia đình,G100395702,Green Cross GEL Trà xanh 100ML,Chai,39000,Green Cross
Chăm sóc gia đình,G100472642,Green Cross Xịt A2 Xanh Fresh 500ML,Chai,64000,Green Cross
Chăm sóc gia đình,G100533313,Green Cross Xịt A2 Cam Summer 500ML,Chai,64000,Green Cross
Chăm sóc gia đình,G100760039,Gatsby Kem Dưỡng Tóc 125g,Hũ,27000,Gatsby
Chăm sóc gia đình,G100760110,Gatsby Gel Mềm Tím 170g,Tuýp,39000,Gatsby
Chăm sóc gia đình,G100885874,Gatsby Khăn ướt BODY ICE CITRUS 30 tờ,Gói,102000,Gatsby
Chăm sóc gia đình,G100908621i,Gatsby Gel Tối Ưu Đen 170G,Tuyp,39000,Gatsby
Chăm sóc gia đình,G100922273,Gatsby Pomade Classy Dry Xám 75G,Hộp,71000,Gatsby
Chăm sóc gia đình,G100922274i,Gatsby Pomade Perfect Raise Đen 75G,Hộp,71000,Gatsby
Chăm sóc gia đình,G100922275,Gatsby Pomade Retro Xám 75G,Hộp,71000,Gatsby
Chăm sóc gia đình,G100938396,Gatsby Gel Cứng Xanh 170G,Tuýp,39000,Gatsby
Chăm sóc gia đình,G100938397,Gatsby Gel Siêu cứng Vàng 170G,Tuyp,39000,Gatsby
Chăm sóc gia đình,G101006032,Gatsby Wax H&F Xanh 75G,Hũ,62000,Gatsby
Chăm sóc gia đình,G101006033,Gatsby Wax M&H Đen 75G,Hũ,62000,Gatsby
Chăm sóc gia đình,G101006034,Gatsby Wax P&S Đỏ 75G,Hũ,62000,Gatsby
Chăm sóc gia đình,G101006035,Gatsby Wax 25g,Hũ,31000,Gatsby
Chăm sóc gia đình,G101006037,Gatsby Keo xịt Siêu Cứng 250ML,Chai,92000,Gatsby
Chăm sóc gia đình,G101109117,Gatsby SRM Strong Clear Foam 130g,Tuýp,63000,Gatsby
Chăm sóc gia đình,G101109119,Gatsby SRM Perfect Scrub 130g,Tuýp,63000,Gatsby
Chăm sóc gia đình,I100925797,St.Ives sữa tắm Yến mạch & Bơ 473ML,Chai,131000,Gatsby
Chăm sóc gia đình,I100925798,St.Ives sữa tắm Hương mơ 473ML,Chai,131000,Gatsby
Chăm sóc gia đình,I100925799,St.Ives sữa tắm Muối Biển 473ML,Chai,131000,Gatsby
Chăm sóc gia đình,I100925800,St.Ives sữa tắm Cam Chanh 473ML,Chai,131000,Gatsby
Chăm sóc gia đình,I100925802,St.Ives sữa tắm Yến mạch&Bơ 650ML,Chai,160000,Gatsby
Chăm sóc gia đình,I100925803,St.Ives sữa tắm Muối biển 650ml,Chai,160000,Gatsby
Chăm sóc gia đình,I100925804,St.Ives sữa tắm Cam Chanh 650ml,Chai,160000,Gatsby
Chăm sóc gia đình,I100925805,St.Ives sữa tắm Hoa hồng&Lô Hội 650ml,Chai,160000,Gatsby
Chăm sóc gia đình,I100925808,St.Ives sữa dưỡng thể Vitamin E và Bơ 621ML,Chai,160000,Gatsby
Chăm sóc gia đình,I100925809,St.Ives sữa dưỡng thể Lúa Mạch và Bơ 621ml,Chai,160000,Gatsby
Chăm sóc gia đình,I100925810,St.Ives sữa dưỡng thể Trẻ hóa Collagen 621ml,Chai,160000,Gatsby
Chăm sóc gia đình,I100996278,St.Ives sữa sữa mặt Trà xanh 170G,Tuýp,113000,Gatsby
Chăm sóc gia đình,I100996279,St.Ives sữa sữa mặt Chiết xuất mơ 170g,Tuýp,113000,Gatsby
Chăm sóc gia đình,I100996411,St.Ives sữa sữa mặt Hương mơ 170g,Tuýp,113000,Gatsby
Chăm sóc gia đình,I100996413,St.Ives sữa sữa mặt Café 170G,Tuýp,113000,Gatsby
Chăm sóc gia đình,I101059009,St.Ives sữa sữa mặt Bơ&Mật Ong 170G,Tuýp,113000,Gatsby
Chăm sóc gia đình,I101078938,St.Ives Gel RM Blemish Care Tram Tra 200ML,Chai,167000,Gatsby
Chăm sóc gia đình,I101117363,St.Ives sữa sữa mặt Hoa Hồng&Lô Hội 170G,Tuýp,113000,Gatsby
Chăm sóc gia đình,I101123825,St.Ives Dưỡng Da 30ml,Tuýp,87000,Gatsby
Chăm sóc gia đình,J100792482,JUMBO Chất xông muỗi,Cái,31000,Jumbo
Chăm sóc gia đình,J100792483,JUMBO Bộ xông đuổi muỗi,Bộ,56000,Jumbo
Chăm sóc gia đình,J100792484,Jumbo Chất xông đôi,Bộ,55000,Jumbo
Chăm sóc cá nhân,J101015517,Kaori Xịt Phòng Cam 280ml,Chai,41000,Kaori
Chăm sóc cá nhân,J101015518,Kaori Xịt Phòng Hoa Hồng 280ml,Chai,41000,Kaori
Chăm sóc cá nhân,J101015519,Kaori Xịt Phòng Hương Biển 280ml,Chai,41000,Kaori
Chăm sóc gia đình,J101015615,Nhang M22 Lavender,Hộp,9000,Kaori
Thực phẩm và Bánh Trái,K100743266,Milo Chocobar 30g,Thanh,12000,Nestle
Thực phẩm và Bánh Trái,K100753907,Kitkat Trà Xanh 8 thanh 2F 17gx8,Gói,76000,Nestle
Thực phẩm và Bánh Trái,K100753908,KitKat Thanh 2F Trà xanh 17g,Thanh,11000,Nestle
Thực phẩm và Bánh Trái,K100793955,KitKat 6 thanh 2F B/F (6X17G) Cocoa,Gói,39000,Nestle
Thực phẩm và Bánh Trái,K100793956,KitKat Thanh 4F B/F 35G Cocoa,Thanh,15000,Nestle
Thực phẩm và Bánh Trái,K100793959,Kitkat Gói 12 thanh 2F 12X17g Cocoa,Gói,75000,Nestle
Thực phẩm và Bánh Trái,K100793960,KitKat Cocoa Bites 40g,Thanh,23000,Nestle
Thực phẩm và Bánh Trái,K100793966,KitKat Thanh 4F Trà xanh 35G,Thanh,20000,Nestle
Thực phẩm và Bánh Trái,K100793993,Kitkat Chunky 38g-Cocoa,Thanh,17000,Nestle
Thực phẩm và Bánh Trái,K100793994,KitKat Gói 3 thanh Chunky 3x38G,Gói,48000,Nestle
Thực phẩm và Bánh Trái,K100864457,KitKat Thanh Chunky Bánh Quy 38g,Thanh,18000,Nestle
Thực phẩm và Bánh Trái,K100998855,KitKat Thanh 2F BF 17g Cocoa,Thanh,7000,Nestle
Thực phẩm và Bánh Trái,K100998856,Milo Viên Nuggets 25g,Gói,15000,Nestle
Thực phẩm và Bánh Trái,K101060029,Kitkat Chunky Pack 3_114g_,Hộp,52000,Nestle
Thực phẩm và Bánh Trái,K101084637,Kitkat Pack 6 thanh_102g ,Hộp,40000,Nestle
Thực phẩm và Bánh Trái,K101084638,KitKat goi SB 12 204g ,Hộp,82000,Nestle
Thực phẩm và Bánh Trái,K101084639,Kitkat Tra xanh SB 8_136g_,Gói,82000,Nestle
Thực phẩm và Bánh Trái,K101084662,Kitkat JP Dâu 11 thanh_,Hộp,95000,Nestle
Thực phẩm và Bánh Trái,K101084663,Nestle Bánh quy Socola 4x31g,Hộp,25000,Nestle
Thực phẩm và Bánh Trái,K101084664,Nestle Bánh quy 372g_,Hộp,92000,Nestle
Thực phẩm và Bánh Trái,K101185188,Kitkat Gold SB_136g_,Gói,84000,Nestle
Chăm sóc cá nhân,L100857684,Lactacyd Milky TG Trẻ em 500ML,Chai,162000,Lactacyd
Chăm sóc cá nhân,L100864736,Lactacyd Odor Fresh 150ML,Hộp,49000,Lactacyd
Chăm sóc cá nhân,L100942174,Lactacyd DDVS Soft&Silky 150ML,Chai,56000,Lactacyd
Chăm sóc cá nhân,L100942175,Lactacyd DDVS Soft&Silky 250ml,Chai,83000,Lactacyd
Chăm sóc cá nhân,L101001848i,Lactacyd Milky Trẻ em 250ml,Chai,95000,Lactacyd
Chăm sóc cá nhân,L101044511,Lactacyd ST Trẻ Em BB 250ml,Chai,95000,Lactacyd
Chăm sóc cá nhân,L101081958,Lactacyd BB 500ml 150ml,Bộ,180000,Lactacyd
Chăm sóc cá nhân,L101081959,Lactacyd Milky 500ml 150ml,Bộ,180000,Lactacyd
Chăm sóc cá nhân,L101099107,Lactacyd DDVS Odor Fresh 250ml,Chai,72000,Lactacyd
Chăm sóc cá nhân,L101099110,Lactacyd DDVS Pro Sensitive 150ml,Chai,56000,Lactacyd
Chăm sóc cá nhân,L101099111,Lactacyd DDVS Pro Sensitive 250ml,Chai,83000,Lactacyd
Chăm sóc cá nhân,L101113917,Lactacyd Pearly Intimate 150ML,Chai,63000,Lactacyd
Chăm sóc cá nhân,L101159847,Lactacyd BB 500ML,Chai,162000,Lactacyd
Khu vực thú cưng,M100745900,Thức ăn Chó con-Vị Bò Trứng sốt 80g,Gói,51000,Mars
Khu vực thú cưng,M100746012,Thức ăn Chó-Vị thit Bò & Rau củ 1.5 kg,Gói,118000,Mars
Khu vực thú cưng,M100746014,Thức ăn Mèo -Cá biển 20kg,Bao,1680000,Mars
Khu vực thú cưng,M100746015,Thức ăn Chó-Vị Gà & Rau củ 1.5 kg,Gói,118000,Mars
Khu vực thú cưng,M100746025,Thức ăn Chó con-Vị Gà Sốt 130g,Gói,18000,Mars
Khu vực thú cưng,M100746026,Thức ăn Chó-Vị Gà Sốt 130g,Gói,18000,Mars
Khu vực thú cưng,M100746027,Thức ăn Mèo Con- Vị Cá biển &Sữa 1.1kg,Túi,129000,Mars
Khu vực thú cưng,M100746028i,Thức ăn Mèo -Vị cá thu 1.2 kg,Túi,129000,Mars
Khu vực thú cưng,M100746029,Thức ăn Mèo -Vị Cá biển  480g,Gói,60000,Mars
Khu vực thú cưng,M100746030,Thức ăn Mèo -Vị Cá biển 7kg,Bao,701000,Mars
Khu vực thú cưng,M100746031,Thức ăn Mèo Vị cá Ngừ  1.2 kg,Gói,129000,Mars
Khu vực thú cưng,M100746032,Thức ăn Mèo Vị Cá biển  1.2 kg,Gói,129000,Mars
Khu vực thú cưng,M100746033,Thức ăn Mèo -Vị cá Ngừ  480g,Gói,60000,Mars
Khu vực thú cưng,M100746034,Thức Ăn Mèo Vị cá BIS gói 400g,Gói,39000,Mars
Khu vực thú cưng,M100746035,Thức ăn mèo Vị cá biển 400g,Lon,43000,Mars
Khu vực thú cưng,M100746114,Cátsan - Cát vệ sinh Chó mèo,Túi,114000,Mars
Khu vực thú cưng,M100746115,Cátsan - Cát vệ sinh Chó mèo 9L,Túi,205000,Mars
Khu vực thú cưng,M100750182,Thức ăn Chó Vị Bò &rau cu  500g,Gói,44000,Mars
Khu vực thú cưng,M100808286,Thức ăn Mèo Con- Vị Cá biển &Sữa 450g,Túi,62000,Mars
Khu vực thú cưng,M100839923,Thức ăn Mèo -Vị Cá biển  3kg,Gói,320000,Mars
Khu vực thú cưng,M100864325,Thức ăn Mèo -Vị cá thu BIS gói 400g,Gói,39000,Mars
Khu vực thú cưng,M100886065,Thức ăn vat Chó - Bò xong khoi 80g,Gói,38000,Mars
Khu vực thú cưng,M100886066,Thức ăn vat Chó - Gà n nướng 80g,Gói,38000,Mars
Khu vực thú cưng,M100886067,Thức ăn vat Chó - Bò xong khoi que 60g,Gói,38000,Mars
Khu vực thú cưng,M100886068,Thức ăn vat Chó heo muoi que 60g,Gói,38000,Mars
Khu vực thú cưng,M100886069,Bánh xương Chó trung 98g,Gói,40000,Mars
Khu vực thú cưng,M100886124,Bánh xương Chó nho 56g (new),Gói,38000,Mars
Khu vực thú cưng,M100886125,Bánh xương Chó con 75g (new),Gói,38000,Mars
Khu vực thú cưng,M100886126,Sốt Temptation cá Ngừ 85g,Gói,55000,Mars
Khu vực thú cưng,M100886226,Sốt Temptation 48g,Gói,38000,Mars
Khu vực thú cưng,M100899226,Bánh xương cham soc rang Chó kieng 60g,Gói,38000,Mars
Khu vực thú cưng,M100899230,Thức ăn Chó gion 60g,Gói,40000,Mars
Khu vực thú cưng,M100944496,Sốt Chó Lon Bò ham Rau Cu 130G,Gói,18000,Mars
Khu vực thú cưng,M100944497,Sốt Chó lon - Vị Gà nướng & rau 130g,Gói,18000,Mars
Khu vực thú cưng,M100944498,Sốt Chó con - Vị Gà trứng & rau 80g,Gói,13000,Mars
Khu vực thú cưng,M100944499,"Sốt Chó lon - Vị Gà , Gà n nướng & rau 80g",Gói,13000,Mars
Khu vực thú cưng,M100944840,Sốt Chó lon - Vị Bò nướng & rau 80g,Gói,13000,Mars
Khu vực thú cưng,M100954694,Thức ăn Mèo -Vị thu&cá hoi  85g,Gói,13000,Mars
Khu vực thú cưng,M100955623,Thức ăn Mèo -Vị cá Ngừ dang  85g,Gói,13000,Mars
Khu vực thú cưng,M100955624,Thức ăn Mèo -Vị thu  85g,Gói,13000,Mars
Khu vực thú cưng,M100955625,Thức ăn Mèo -Vị Cá biển dang  85g,Gói,13000,Mars
Khu vực thú cưng,M100955627,Thức ăn Mèo con-Vị cá Ngừ  85g,Gói,13000,Mars
Khu vực thú cưng,M101073468,Thức ăn Chó con-Vị Gà & trung&Sữa 400g,Gói,51000,Mars
Khu vực thú cưng,M101080792,Thức ăn Mèo con-Vị cá thu  85g,Gói,13000,Mars
Khu vực thú cưng,M101101178,Thức ăn mèo Vị cá ngừ lon 400g,Lon,43000,Mars
Khu vực thú cưng,M101144900,Thức ăn Mèo Con- cá thu 450g,Túi,62000,Mars
Khu vực thú cưng,M101144901,Thức ăn Mèo Con- cá thu 1.1kg,Túi,129000,Mars
Khu vực thú cưng,M101144903,Thức ăn mèo Vị Gà&cá ngừ 85g,Gói,13000,Mars
Khu vực thú cưng,M101886066,Thức ăn vat Chó - Gà xong khoi 80g,Gói,38000,Mars
Chăm sóc cá nhân,P100760121,Pucelle nước hoa Jolly Tím 75ml,Chai,28000,Uniliver
Chăm sóc cá nhân,P100760122,Pucelle nước hoa Spacking Hồng 75ML,Chai,28000,Uniliver
Chăm sóc cá nhân,P100760124,Pucelle nước hoa WO Xanước hoa dương 75ml,Chai,28000,Uniliver
Chăm sóc cá nhân,P100760127,Pucelle nước hoa Thu Ran 100ml,Chai,41000,Uniliver
Chăm sóc cá nhân,P100760128,Pucelle nước hoa Xuân Sakura 100ml,Chai,41000,Uniliver
Chăm sóc cá nhân,P100760129,Pucelle nước hoa 150ml,Chai,48000,Uniliver
Chăm sóc cá nhân,P100760131,Lovillea nước hoa 100ML,Chai,26000,Uniliver
Chăm sóc cá nhân,P100760135,Pucelle Blooming Blossom 75ml,Chai,28000,Uniliver
Chăm sóc cá nhân,P100945508,Pucelle nước hoa Perfect Getaway Cam 75ml,Chai,28000,Uniliver
Chăm sóc cá nhân,S100849031,bio-essence Nước Tẩy Trang Micellar Water 200ML,Chai,167000,BIOESSENCE
Chăm sóc cá nhân,U100810932,Xà bông cục CAMAY Classic Hồng 125G,Cục,14000,Uniliver
Chăm sóc cá nhân,U100810933,Xà bông cục CAMAY Chic Đen 125G,Cục,14000,Uniliver
Chăm sóc cá nhân,U100810934,Xà bông cục CAMAY Naturel Trắng 125G,Cục,14000,Uniliver
Chăm sóc cá nhân,U100931314,Monsavon sữa tắm Sữa&Vani 1L,Chai,177000,Uniliver
Chăm sóc cá nhân,U101097698,Xà bông cục Lux Xanh Aqua 80G ,Cục,10000,Uniliver
Chăm sóc cá nhân,U101097699,Xà bông cục Lux Hồng Soft 80G ,Cục,10000,Uniliver
Chăm sóc cá nhân,U101097750,Xà bông cục Lux Tím Magical 80G ,Cục,10000,Uniliver
Chăm sóc cá nhân,U101097751,Xà bông cục Lux Trang Velvet 80G ,Cục,10000,Uniliver
Chăm sóc cá nhân,U101117234,GEL TAM H. HOA HONG CAMAY PARIS 500ML,Chai,102000,Uniliver
Chăm sóc cá nhân,U101117235,GEL TAM H. OAI HUONG CAMAY PARIS 500ML,Chai,102000,Uniliver
Chăm sóc cá nhân,U101117236,GEL TAM CAMAY 500ML+Xà bông cục,Chai,89000,Uniliver
Chăm sóc cá nhân,U101117237,Dầu gội Lux 450g,Chai,156000,Uniliver
Chăm sóc cá nhân,V100873909,Vaseline Dưỡng Môi Hồng xinh 7G,Hũ,73000,Uniliver
Chăm sóc cá nhân,V100873910,Vaseline Dưỡng Môi Mềm mịn 7G,Hũ,73000,Uniliver
Chăm sóc cá nhân,V100873911,Vaseline Dưỡng Môi Ngọt ngào 7G,Hũ,73000,Uniliver
Chăm sóc cá nhân,V100891414,Vaseline Sáp dưỡng ẩm 50ml,Hũ,50000,Uniliver
Chăm sóc cá nhân,V100891415,Vaseline Sap Duong Am 100ml,Hũ,83000,Uniliver
Chăm sóc cá nhân,V100932526,Vaseline Dưỡng Môi Mềm Mịn 4.8g,Cây,57000,Uniliver
Chăm sóc cá nhân,V100932527,Vaseline Dưỡng môi hồng xinh 4.8g,Cây,57000,Uniliver
Chăm sóc cá nhân,V100932528,Vaseline Dưỡng môi Lô hội 4.8g,Cây,57000,Uniliver
Chăm sóc cá nhân,V100932529,Vaseline Dưỡng môi Cacao 4.8g,Cây,57000,Uniliver
Chăm sóc cá nhân,Y101072549,Cốt gà BRAND'S 42ml 6x12x72,Lốc 6,162000,Nestle
Tiện ích và sức khỏe,Y101072563,Nước yến BRAND'S có đường 42ml 6x8x48,Lốc 6,493000,Nestle
Tiện ích và sức khỏe,Y101072565,Nước yến BRAND'S có đường 70ml 6x8x48,Lốc 6,750000,Nestle
Tiện ích và sức khỏe,Y101072567,Nước yến BRAND'S k đường 42ml,Lốc 6,493000,Nestle
Tiện ích và sức khỏe,Y101072569,Nước yến BRAND'S k đường 70ml,Lốc 6,750000,Nestle
Tiện ích và sức khỏe,Y101106269,Bộ 2 Nước cốt gà BRAND'S 42mlx6,Bộ,178000,Nestle
Tiện ích và sức khỏe,Y101106340,Bộ 2 nước cốt gà BRAND'S 70mlx6,Bộ,271000,Nestle
Tiện ích và sức khỏe,Y101106342,Nuoc cot ga Brand's Choco 70ml,Lốc 6,238000,Nestle
Chăm sóc gia đình,Z100363564,Zonrox Tẩy Xanh lá-Chanh 1L,Chai,17000,Green Cross
Chăm sóc gia đình,Z100363565,Zonrox Tẩy Hồng-Hoa cỏ 1L,Chai,17000,Green Cross
Chăm sóc gia đình,Z100363566,Zonrox Tẩy Xanh Dương-Thiên nhiên 1L,Chai,17000,Green Cross
Thực phẩm và Bánh Trái,N15001,Nước Satori chai 1.5l (12c/thùng),Thùng,123000,SATORI
Thực phẩm và Bánh Trái,N3501,Nước  Satori chai 350ml (24c/thùng),Thùng,110000,SATORI
Thực phẩm và Bánh Trái,N5001,Nước Satori chai 500ml (24c/thùng),Thùng,123000,SATORI