Tên kho,Mã hàng,Tên hàng,ĐVT,Nhóm VTHH,Đơn giá cố định,URL Hình
Tiện ích và sức khỏe,101168467,Lipton Nhãn vàng 100 góix36,Hộp,DKSH,118000,
Tiện ích và sức khỏe,101168468,Lipton Trà xanh SD Tuoi moi 18x25x1.5g,Hộp,DKSH,43000,
Tiện ích và sức khỏe,101168469,Lipton Trà xanh SD Tuoi moi 12x(50x1.5g),Hộp,DKSH,73000,
Tiện ích và sức khỏe,101168490,Lipton English Breakfast 18 (25x2.4g),Hộp,DKSH,68000,
Tiện ích và sức khỏe,101168493,Lipton Nhãn Vàng 50 gói x24,Hộp,DKSH,73000,
Tiện ích và sức khỏe,101168494,Lipton Nhãn Vàng 25 gói x48,Hộp,DKSH,43000,
Tiện ích và sức khỏe,101168495,Lipton Trà sữa Oolong 17gx30 hộp,Hộp,DKSH,52000,
Tiện ích và sức khỏe,101168496,Lipton Trà sữa Matcha 17gx30 hộp,Hộp,DKSH,52000,
Tiện ích và sức khỏe,101168497,Lipton Vị Xoài 17gx30 hộp,Hộp,DKSH,42000,
Tiện ích và sức khỏe,101168498,Lipton Ice Tea Chanh 14gx30 hộp,Hộp,DKSH,42000,
Tiện ích và sức khỏe,101168499,Lipton Ice Tea Đào 14gx30 hộp,Hộp,DKSH,42000,
Tiện ích và sức khỏe,101168500,Lipton Ice Tea Chanh 16(2x16x14g+BTTL),Bộ,DKSH,87000,
Tiện ích và sức khỏe,1011685001,Lipton Ice Tea Xoài 16(2x16x14g+BTTL),Bộ,DKSH,87000,
Tiện ích và sức khỏe,101168501,Lipton Ice Tea Đào 16(2x16x14g+BTTL),Bộ,DKSH,87000,
Tiện ích và sức khỏe,101168502,Lipton Nhãn Vàng Envelope 100gói,Hộp,DKSH,207000,
Tiện ích và sức khỏe,101168505,Lipton Ba Tuoc 18x25x2g,Hộp,DKSH,68000,
Tiện ích và sức khỏe,101186590,Lipton Nhãn Vàng Hexagon 18x30sx2g,Hộp,DKSH,57000,
Đồ ăn vặt ngon,12N123050195,15M-Lays Muối Nguyên bản 82g 4x10,Gói,POCA,17000,
Đồ ăn vặt ngon,12S123021195,15M-Lays Sườn BBQ 82g 4x10,Gói,POCA,17000,
Đồ ăn vặt ngon,12T123025195,15M-Lays Tảo biển 82g 4x10,Gói,POCA,17000,
Chăm sóc gia đình,15M1,Rổ 4T2 - Aba 1.5 kg,Cái,ABA,14000,
Chăm sóc gia đình,15M2,Thau 3T6 - Aba 1.5 kg,Cái,ABA,14000,
Đồ ăn vặt ngon,1B123039163,10k-Lays Bò nướng x 100 gói,Gói,POCA,11000,
Đồ ăn vặt ngon,1G123048125,10k-Lays Gà cay HQ x 100 gói,Gói,POCA,11000,
Đồ ăn vặt ngon,1H123019163,10k-Lays Tôm Trứng muối HK x100 gói,Gói,POCA,11000,
Đồ ăn vặt ngon,1H123041163T,10k-Lays Tôm x 48 gói Thái,Thùng,POCA,493000,
Đồ ăn vặt ngon,1M123016163,10k-Lays Phô mai x 100 gói,Gói,POCA,11000,
Đồ ăn vặt ngon,1M123018163,10k-Lays Mực cay thái x 80 gói,Gói,POCA,11000,
Đồ ăn vặt ngon,1N123022163,10k-Lays Tự nhiên x 100 gói,Gói,POCA,11000,
Đồ ăn vặt ngon,1N123041163T,10k-Lays Tự nhiên x 48 gói Thái,Thùng,POCA,493000,
Đồ ăn vặt ngon,1N123052188,10k-Lays Nấm Truffle 45gx100 gói,Gói,POCA,11000,
Đồ ăn vặt ngon,1N133022163,10k-Lays Muối nguyên bản x 100gói,Gói,POCA,11000,
Đồ ăn vặt ngon,1S123002163,10k-Lays Sườn BBQ x 100 gói,Gói,POCA,11000,
Đồ ăn vặt ngon,1S123041163T,10k-Lays Sườn BBQ x 48 gói Thái,Thùng,POCA,493000,
Đồ ăn vặt ngon,1T123041163,10k-Lays Tảo biển x 100 gói,Gói,POCA,11000,
Đồ ăn vặt ngon,1T133041163T,10k-Lays Tảo biển x 48 gói Thái,Thùng,POCA,493000,
Đồ ăn vặt ngon,1W123051188,10k-Lays Bò Wagyu 45gx100 gói,Gói,POCA,11000,
Đồ ăn vặt ngon,1X123047163,10k-Lays Cua XO x 100 gói,Gói,POCA,11000,
Đồ ăn vặt ngon,20B123039152,Lays Thăn Bò nướng 95g 4x10,Gói,POCA,22000,
Đồ ăn vặt ngon,20B123039153,Lays Bò Wagyu 78g 4x10,Gói,POCA,22000,
Đồ ăn vặt ngon,20B123039154,Lays Nấm Truffle 78g 4x10,Gói,POCA,22000,
Đồ ăn vặt ngon,20G123048152,Lays Gà cay Phô mai 95g 4x10,Gói,POCA,22000,
Đồ ăn vặt ngon,20H123049152,Lays Tôm trứng muối 95g 4x10,Gói,POCA,22000,
Đồ ăn vặt ngon,20M123205152,Lays Phô Mai 95g 4x10,Gói,POCA,22000,
Đồ ăn vặt ngon,20N123206152,Lays Tự nhiên Classic 95g 4x10,Gói,POCA,22000,
Đồ ăn vặt ngon,20N123206200,Lays Muoi Nguyen Ban 95g 4x10,Gói,POCA,22000,
Đồ ăn vặt ngon,20S123213152,Lays Sườn nướng BBQ 95g 4x10,Gói,POCA,22000,
Đồ ăn vặt ngon,20T123041152,Lays Tảo biển Nori 95g 4x10,Gói,POCA,22000,
Hàng hóa,2K12010275,2k-Partyz Tôm hùm x 120 gói,Thùng,POCA,242000,
Hàng hóa,2KM2,Nồi inox 28cm,Cái,ABA,192000,
Chăm sóc cá nhân,3921018,Sua rua mat Bio Gold 100g - 176026923,Tuýp,Bio Essence,177000,
Chăm sóc cá nhân,3921019,SUA RUA MAT BIO WHITE 100G,Tuýp,Bio Essence,151000,
Chăm sóc cá nhân,3921020,SUA RUA MAT DA DAU BIO RENEW 100G - 176027357,Tuýp,Bio Essence,189000,
Chăm sóc cá nhân,3921021,SUA RUA MAT DA KHO THUONG BIO RENEW 100G - 176027340,Tuýp,Bio Essence,189000,
Chăm sóc cá nhân,3921022,GELTAY TE BAO CHET BIO RENEW 60G - 176027371,Tuýp,Bio Essence,336000,
Chăm sóc cá nhân,3921024,BIO BIRD’S SRM NEST COLLAGEN  100G - 176030562,Tuýp,Bio Essence,185000,
Chăm sóc cá nhân,3921026,Bio-essence Bio Water B5 Foamy Cleanser 100g - 176027265,Tuýp,Bio Essence,177000,
Chăm sóc cá nhân,3921028,BE SRM BIO-WHITE PRO WHITENING 100G - 176027739,Tuýp,Bio Essence,190000,
Chăm sóc cá nhân,3937010,TINH CHAT BIO WHITE 30ML,Chai,Bio Essence,563000,
Chăm sóc cá nhân,3937011,TINH CHAT TRE HOA BIO RENEW 40ML - 176027418,Chai,Bio Essence,584000,
Chăm sóc cá nhân,3937012,BIO TINH CHẤT BIRD’S NEST COLLAGEN ESSENCE 30G - 176031156,Chai,Bio Essence,465000,
Chăm sóc cá nhân,3937013,BIO WATER TINH CHAT VITAMIN B5 30ML - 176027920,Chai,Bio Essence,687000,
Chăm sóc cá nhân,3937016,BIO TINH CHAT GOLD DOUBLE SERUM 36G - 176026633,Chai,Bio Essence,701000,
Chăm sóc cá nhân,3937017,BE TINH CHAT BIO-WHITE PRO WHITENING 30ML - 176027777,Tuýp,Bio Essence,741000,
Chăm sóc cá nhân,3938007,Nuoc duong Bio Gold 150ml - 176026978,Chai,Bio Essence,509000,
Chăm sóc cá nhân,3938009,NUOC CAN BANG BIO WHITE 100ML,Chai,Bio Essence,367000,
Chăm sóc cá nhân,3938010,NUOC HOA HONG BIO RENEW 100ML - 176027401,Chai,Bio Essence,352000,
Chăm sóc cá nhân,3938011,NUOC KHOANG DUONG DA BIO WATER 300ML - 176027173,Chai,Bio Essence,417000,
Chăm sóc cá nhân,3938012,NUOC KHOANG DUONG DA BIO WATER 100ML - 176027180,Chai,Bio Essence,196000,
Chăm sóc cá nhân,3938013,NUOC KHOANG DUONG DA BIO WATER  30ML,Chai,Bio Essence,181000,
Chăm sóc cá nhân,3938014,NUOC TAY TRANG BIO WATER 100ML - 176028057,Chai,Bio Essence,114000,
Chăm sóc cá nhân,3938015,NUOC TAY TRANG BIO WATER 400ML - 176027890,Chai,Bio Essence,304000,
Chăm sóc cá nhân,3938017,NUOC CAN BANG BIO BIRD'S NEST - 176030586,Chai,Bio Essence,477000,
Chăm sóc cá nhân,3938019,NUOC DUONG BIO GOLD ROSE GOLD 100ML - 176026503,Chai,Bio Essence,540000,
Chăm sóc cá nhân,3939015,Kem ngay Bio Gold 40g - 176026510,Hủ,Bio Essence,593000,
Chăm sóc cá nhân,3939016,Kem dem Bio Gold 40g - 176026527,Hủ,Bio Essence,593000,
Chăm sóc cá nhân,3939017,KEM NGAY BIO WHITE 50G,Hủ,Bio Essence,410000,
Chăm sóc cá nhân,3939018,KEM DEM BIO WHITE 50G,Hủ,Bio Essence,410000,
Chăm sóc cá nhân,3939021,BIO KEM NÂNG CƠ VLIFT FLC BRIGHTENING 45G - 176027319,Hủ,Bio Essence,595000,
Chăm sóc cá nhân,3939022,BIO KEM  NGÀY BIRD NEST COLLAGEN  50G - 176030593,Hủ,Bio Essence,487000,
Chăm sóc cá nhân,3939023,KEM DUONG AM BIO WATER 50G - 176027906,Hủ,Bio Essence,479000,
Chăm sóc cá nhân,3939024,BE KEM NGAY BIO-WHITE PRO WHITENING 50G - 176027791,Hủ,Bio Essence,561000,
Chăm sóc cá nhân,3939025,BE KEM DEM BIO-WHITE PRO WHITENING 50G - 176034935,Tuýp,Bio Essence,561000,
Chăm sóc cá nhân,3939026,BE KEM TRI NAM BIO-WHITE PRO WHITENING 25G - 176034942,Tuýp,Bio Essence,467000,
Chăm sóc cá nhân,3939027,BE CHONG NANG BIO-WHITE PRO WHITENING 40G - 174004266,Tuýp,Bio Essence,259000,
Chăm sóc cá nhân,3940005,BIO MAT NA DUONG AM 20ML - 176028347,Miếng,Bio Essence,32000,
Chăm sóc cá nhân,3940006,BIO MAT NA DUONG TRANG 20ML - 176028354,Miếng,Bio Essence,32000,
Chăm sóc cá nhân,3940007,BIO MAT NA DUONG TRE HOA 20ML - 176028361,Miếng,Bio Essence,32000,
Chăm sóc cá nhân,3940011,BIO MẶT NẠ NGỦ NEST COLLAGEN  50G - 176030609,Hủ,Bio Essence,487000,
Chăm sóc cá nhân,3940013,BIOTREASURE MẶT NẠ RAU MÁ 20ML - 176032702,Miếng,Bio Essence,42000,
Chăm sóc cá nhân,3940015,BIOTREASURE MẶT NẠ VITAMIN C 20ML - 176032726,Miếng,Bio Essence,42000,
Chăm sóc cá nhân,3940016,BIO MAT NA CAP AM WATER B5 20ML,Miếng,Bio Essence,33000,
Chăm sóc cá nhân,3941003,KEM CHONG NANG BIO WATER 40ML - 176027241,Chai,Bio Essence,233000,
Chăm sóc gia đình,3KM2,Bộ nồi 3 cái,Bộ,ABA,179000,
Đồ ăn vặt và Bánh Trái,4065044,Slide BBQ Thịt nướng 100gx14lon,Lon,KINH DO,35000,
Đồ ăn vặt và Bánh Trái,4065046,Slide Cheese Phô Mai 100gx14lon,Lon,KINH DO,35000,
Đồ ăn vặt và Bánh Trái,4067131,Ritz Kem Phô mai 160gx10hop,Hộp,KINH DO,41000,
Đồ ăn vặt và Bánh Trái,4076972,KD Bánh Quy Mứt Nho 450gx10 Túi,Túi,KINH DO,50000,
Đồ ăn vặt và Bánh Trái,4084983,Solite cuộn kem lá dứa 288grx12H,Hộp,KINH DO,49000,
Đồ ăn vặt và Bánh Trái,4085403,Solite cuộn kem socola 360grx12Khay,KHAY,KINH DO,48000,
Đồ ăn vặt và Bánh Trái,4085735,Cosy bánh quy mứt dâu 240gx12Hop,Hộp,KINH DO,45000,
Đồ ăn vặt và Bánh Trái,4085741,COSY Bánh quy Marie Dừa 144grX24gói,Gói,KINH DO,19000,
Đồ ăn vặt và Bánh Trái,4085743,COSY Bánh quy Marie 144grX24gói,Gói,KINH DO,19000,
Đồ ăn vặt và Bánh Trái,4085744,Cosy Bánh quy Marie 192grx16Hop,Hộp,KINH DO,28000,
Đồ ăn vặt và Bánh Trái,4085746,COSY Marie banh quy 336grx10H,Hộp,KINH DO,47000,
Đồ ăn vặt và Bánh Trái,4086368,Solite cuộn kem lá dứa 360grx12Khay,KHAY,KINH DO,48000,
Đồ ăn vặt và Bánh Trái,4086376,Solite tròn kem dứa 360gx12K,KHAY,KINH DO,51000,
Đồ ăn vặt và Bánh Trái,4086380,Solite cuộn kem dâu 360grx12Khay,KHAY,KINH DO,48000,
Đồ ăn vặt và Bánh Trái,4086386,Solite tròn kem dâu 360gx12K,KHAY,KINH DO,51000,
Đồ ăn vặt và Bánh Trái,4086394,Solite cuộn kem sữa 360grx12Khay,KHAY,KINH DO,48000,
Đồ ăn vặt và Bánh Trái,4086397,Solite tròn kem sữa 360gx12K,KHAY,KINH DO,51000,
Đồ ăn vặt và Bánh Trái,4086399,Solite tròn kem bơ sữa 276grx10H,Hộp,KINH DO,55000,
Hàng hóa,4087715,COSY Marie banh quy 576grx8H,Hộp,TET,84000,
Hàng hóa,41KM1,Giỏ hoa đứng có nắp,Cái,ABA,104000,
Hàng hóa,41KM3,Xô 20L có nắp,Cái,ABA,46000,
Chăm sóc cá nhân,4231126,KD SW Bơ Đậu Phộng 40grx60G (LÁT),Gói,TƯƠI KINH ĐÔ,6000,
Hàng hóa,4231450,Koko Choco 138g (20 hop),Hộp,TET,56000,
Đồ ăn vặt và Bánh Trái,4231643,Slide Tự nhiên 75grx28lon,Lon,KINH DO,28000,
Đồ ăn vặt và Bánh Trái,4231644,Slide Kem hành 75grx28lon,Lon,KINH DO,28000,
Đồ ăn vặt và Bánh Trái,4231645,Slide BBQ Thịt nướng 75grx28lon,Lon,KINH DO,28000,
Đồ ăn vặt và Bánh Trái,4231646,Slide Thơm Cay 75grx28 lon,Lon,KINH DO,28000,
Đồ ăn vặt và Bánh Trái,4231647,Slide Tự Nhiên 160gx14lon,Lon,KINH DO,47000,
Đồ ăn vặt và Bánh Trái,4231648,Slide Kem hành 160gx14lon,Lon,KINH DO,47000,
Đồ ăn vặt và Bánh Trái,4231649,Slide BBQ Thịt nướng 160grx14lon,Lon,KINH DO,47000,
Đồ ăn vặt và Bánh Trái,4231650,Slide Thơm Cay160gx14 lon,Lon,KINH DO,47000,
Đồ ăn vặt và Bánh Trái,4231662,Slide Cheese Phô mai 160grx14lon,Lon,KINH DO,47000,
Đồ ăn vặt và Bánh Trái,4231663,Slide Phô mai 75grx28lon,Lon,KINH DO,28000,
Đồ ăn vặt và Bánh Trái,4231671,Slide Tự nhiên 100gx14lon,Lon,KINH DO,35000,
Đồ ăn vặt và Bánh Trái,4231673,Slide Thơm Cay 100gx14lon,Lon,KINH DO,35000,
Hàng hóa,4231826,LU Pháp Beurre 600grx10hop HT,Hộp,TET,298000,
Hàng hóa,4252743,COSY banh quy bo TC socola 546gx6HT TET,Hộp,TET,184000,
Đồ ăn vặt và Bánh Trái,4253218,Mini Oreo Original 6x20.4g MSTVH,Hộp,KINH DO,58000,
Đồ ăn vặt và Bánh Trái,4253219,Mini Oreo Vani 61.3grx24H,Hộp,KINH DO,23000,
Hàng hóa,4254966,AFC 350GR X 8H TET,Hộp,TET,84000,
Đồ ăn vặt và Bánh Trái,4256785,Oreo socola pie 6x30grx12Hop,Hộp,KINH DO,35000,
Đồ ăn vặt và Bánh Trái,4256786,Oreo socola pie 360grx8Hop,Hộp,KINH DO,64000,
Đồ ăn vặt và Bánh Trái,4257568,AFC Lúa mì 100grx36hop,Hộp,KINH DO,16000,
Đồ ăn vặt và Bánh Trái,4257569,AFC Lua mi 200GR x 16H,Hộp,KINH DO,30000,
Đồ ăn vặt và Bánh Trái,4257572,AFC Rau 100grx36hop,Hộp,KINH DO,16000,
Đồ ăn vặt và Bánh Trái,4257573,AFC Rau 200grx16hop,Hộp,KINH DO,30000,
Đồ ăn vặt và Bánh Trái,4257576,AFC Tảo biển 200grx16H,Hộp,KINH DO,30000,
Đồ ăn vặt và Bánh Trái,4257577,AFC Bò bít tết 200grx16hop,Hộp,KINH DO,30000,
Đồ ăn vặt và Bánh Trái,4257637,Ritz Kem Phô mai Sandwich 118grx24Cây,Cây,KINH DO,18000,
Đồ ăn vặt và Bánh Trái,4261935,COSY bánh quế dâu 135grx24goi,Gói,KINH DO,15000,
Đồ ăn vặt và Bánh Trái,4261941,COSY bánh quế cam 135grx24goi,Gói,KINH DO,15000,
Đồ ăn vặt và Bánh Trái,4261942,COSY bánh quế dứa 135grx24goi,Gói,KINH DO,15000,
Đồ ăn vặt và Bánh Trái,4261943,COSY bánh quế choco 135grx24goi,Gói,KINH DO,15000,
Đồ ăn vặt và Bánh Trái,4261945,COSY bánh quế thập cẩm 135grx24goi,Gói,KINH DO,15000,
Đồ ăn vặt và Bánh Trái,4261947,Oreo Vani Wafer Roll 54grx20Hop,Hộp,KINH DO,13000,
Đồ ăn vặt và Bánh Trái,4261955,Oreo Bánh quế Choco Wafer Roll 54grx20Hop,Hộp,KINH DO,13000,
Đồ ăn vặt và Bánh Trái,4262194,Cosy Bánh quy Wonderfuls Hạt Điều&Bơ 168grx24Hop,Hộp,KINH DO,26000,
Đồ ăn vặt và Bánh Trái,4262196,Cosy Bánh quy Wonderfuls Hạt Điều&Bơ 84gx 48h,Hộp,KINH DO,13000,
Hàng hóa,4264345,COSY banh quy bo TC socola 336gx12HG TET ( DO ),Hộp,TET,85000,
Hàng hóa,4264347,COSY banh quy bo TC rac hat 336gx12HGTET ( VANG ),Hộp,TET,85000,
Hàng hóa,4264765,Solite cuon kem la dua+dau 324grx10H TET,Hộp,TET,81000,
Hàng hóa,4264766,Solite tron kem bo sua+dau 324grx10H TET,Hộp,TET,81000,
Đồ ăn vặt và Bánh Trái,4269891,OREO socola pie 60grx48H,Hộp,KINH DO,13000,
Chăm sóc cá nhân,4274269,KD BBL Bơ Nho 38grx120g (LAN NHO),Gói,TƯƠI KINH ĐÔ,6000,
Chăm sóc cá nhân,4274271,KD BMT Gà xốt thái cay 60grx6x12g (GÀ),Gói,TƯƠI KINH ĐÔ,12000,
Đồ ăn vặt và Bánh Trái,4275543,Slide Tự Nhiên 90gx28 LON PROMOTION,Lon,KINH DO,28000,
Đồ ăn vặt và Bánh Trái,4275544,Slide BBQ Thịt Nướng 90gx28 LON PROMOTION,Lon,KINH DO,28000,
Đồ ăn vặt và Bánh Trái,4275545,Slide Hot & Spicy 90gx28 LON PROMOTION,Lon,KINH DO,28000,
Đồ ăn vặt và Bánh Trái,4276009,Solite tầng kem bơ sữa 374grx10gói,KHAY,KINH DO,54000,
Đồ ăn vặt và Bánh Trái,4277591,AFC Caramel Flan 300grx16Hop,Hộp,KINH DO,49000,
Đồ ăn vặt và Bánh Trái,4277592,AFC Caramel Flan 125grx36Hop,Hộp,KINH DO,24000,
Hàng hóa,4277593,LU Bánh quy bơ thập cẩm 540grx6hop,Hộp,TET,202000,
Hàng hóa,4277668,LU Bánh quy bơ thập cẩm 708grx6hop HT,Hộp,TET,254000,
Hàng hóa,4277669,LU Bánh quy bơ thập cẩm 310grx12hop HT,Hộp,TET,130000,
Hàng hóa,4277670,LU Bánh quy bơ thập cẩm 180grx18H HT,Hộp,TET,72000,
Đồ ăn vặt và Bánh Trái,4278013,Solite tang kem cam 102gx12H,KHAY,KINH DO,19000,
Đồ ăn vặt và Bánh Trái,4278028,Solite tầng kem cam 238grx12gói,KHAY,KINH DO,38000,
Hàng hóa,4278067,COSY banh quy bo TC 602gx6HT TET,Hộp,TET,163000,
Chăm sóc cá nhân,4278240,KD BBL Hạt socola 50grx10x12g ( LAN SÔ),Gói,TƯƠI KINH ĐÔ,7000,
Chăm sóc cá nhân,4278243,KD BMT Nhân Bò 70grx80 (BÒ),Gói,TƯƠI KINH ĐÔ,11000,
Chăm sóc cá nhân,4278245,KD BMT 3 Múi Bơ Sữa 90grx50g,Gói,TƯƠI KINH ĐÔ,9000,
Chăm sóc cá nhân,4278453,KD BMT Pizza XX Phô Mai 70grx60G (PIZZA),Gói,TƯƠI KINH ĐÔ,12000,
Chăm sóc cá nhân,4278500,KD BMT KO Nhân Socola 40gx140gói ( KO NHÂN SÔ),Gói,TƯƠI KINH ĐÔ,5000,
Chăm sóc cá nhân,4278501,KD BMT Lá Dứa 40grx140Gói (DỨA),Gói,TƯƠI KINH ĐÔ,5000,
Chăm sóc cá nhân,4278503,KD BMT Siêu Mềm Bơ Sữa 55grx80g (MỀM SỮA),Gói,TƯƠI KINH ĐÔ,8000,
Chăm sóc cá nhân,4278504,KD BMT Siêu Mềm Socola 55grx80g (MỀM SÔ),Gói,TƯƠI KINH ĐÔ,8000,
Chăm sóc cá nhân,4278506,KD BMT Chà Bông 80grx50g (CHÀ BÔNG),Gói,TƯƠI KINH ĐÔ,12000,
Chăm sóc cá nhân,4278520,KD BBL Tròn Cam 50grx120g (LAN CAM),Gói,TƯƠI KINH ĐÔ,7000,
Chăm sóc cá nhân,4278537,KD SW Chà Bông 50grx64g (CHÀ BÔNG),Gói,TƯƠI KINH ĐÔ,7000,
Đồ ăn vặt và Bánh Trái,4278872,Oreo Bánh quy Berry Việt quất 123.5grx24hop,Cây,KINH DO,18000,
Đồ ăn vặt và Bánh Trái,4278961,Oreo Bánh quy Chocolate123.5grx24hop,Cây,KINH DO,18000,
Đồ ăn vặt và Bánh Trái,4278962,Oreo Bánh quy Vani 123.5grx24hop,Cây,KINH DO,18000,
Đồ ăn vặt và Bánh Trái,4278989,Oreo Bánh quy Dâu 123.5grx24hop,Cây,KINH DO,18000,
Đồ ăn vặt và Bánh Trái,4279731,Oreo Birthday Sprinkles 123.5grx24,Cây,KINH DO,18000,
Đồ ăn vặt và Bánh Trái,4280786,COSY Bánh quy Marie 144grX24gói PACK - SEA,Gói,KINH DO,19000,
Chăm sóc cá nhân,4280824,"Pocket SW Mojo 58,5grX60Bag",Gói,TƯƠI KINH ĐÔ,16000,
Chăm sóc cá nhân,4280825,Pocket SW Mojo 117grX36Bag,Gói,TƯƠI KINH ĐÔ,29000,
Đồ ăn vặt và Bánh Trái,4281386,Slide Gà nướng 160grx14lon,Lon,KINH DO,47000,
Đồ ăn vặt và Bánh Trái,4281387,Slide Gà nướng 75gx28lon,Lon,KINH DO,28000,
Đồ ăn vặt và Bánh Trái,4281388,Oreo Bánh quy kem Vani 313.5grx12Hop,Hộp,KINH DO,50000,
Đồ ăn vặt và Bánh Trái,4281721,COSY Bánh quy Marie 136gX24gói KM,Gói,KINH DO,19000,
Đồ ăn vặt và Bánh Trái,4281726,Cosy Bánh quy Marie 192grx16Hop KM,Hộp,KINH DO,28000,
Đồ ăn vặt và Bánh Trái,4281727,COSY Marie banh quy 240gr x 16T KM,Túi,KINH DO,30000,
Đồ ăn vặt và Bánh Trái,4281728,COSY Marie banh quy 272grx16G KM,Gói,KINH DO,34000,
Đồ ăn vặt và Bánh Trái,4281729,Cosy Bánh quy Marie 408grx12Goi KM,Gói,KINH DO,47000,
Đồ ăn vặt và Bánh Trái,4281730,COSY Marie banh quy 336grx10H KM,Gói,KINH DO,47000,
Đồ ăn vặt và Bánh Trái,4281733,COSY Marie banh quy 528grx8G KM,Gói,KINH DO,62000,
Đồ ăn vặt và Bánh Trái,4281734,COSY bánh quế cam 135grx24goi,Gói,KINH DO,15000,
Đồ ăn vặt và Bánh Trái,4281736,COSY bánh quế choco 135grx24goi,Gói,KINH DO,15000,
Đồ ăn vặt và Bánh Trái,4281767,COSY bánh quế thập cẩm 135grx24goi,Gói,KINH DO,15000,
Đồ ăn vặt và Bánh Trái,4281943,COSY Bánh quy Marie 136gX24gói,Gói,KINH DO,19000,
Đồ ăn vặt và Bánh Trái,4281944,COSY Marie banh quy 272grx16G ,Gói,KINH DO,34000,
Đồ ăn vặt và Bánh Trái,4281945,Cosy Bánh quy Marie 408grx12Goi,Gói,KINH DO,47000,
Đồ ăn vặt và Bánh Trái,4281946,Cosy Bánh quy Marie 528grx8Goi,Gói,KINH DO,64000,
Đồ ăn vặt và Bánh Trái,4282373,COSY Bánh quy Marie Dừa 136grX24gói,Gói,KINH DO,19000,
Chăm sóc cá nhân,4282374,KD BMT Không Nhân Sữa 80grx45gói,Gói,TƯƠI KINH ĐÔ,10000,
Đồ ăn vặt và Bánh Trái,4299263,Snack Cua Xanh 29grx60goi,Gói,KINH DO,7000,
Chăm sóc cá nhân,4299348,KD BMT Ổ Dài Bơ Sữa 80grx70gói (DÀI SỮA),Gói,TƯƠI KINH ĐÔ,10000,
Chăm sóc cá nhân,4299349,KD BMT Ổ Dài Socola 80grx70goi (DÀI SÔ),Gói,TƯƠI KINH ĐÔ,10000,
Chăm sóc cá nhân,4300331,KD BMT Ổ Dài Khoai Môn 80grx70Gói (DÀI MÔN),Gói,TƯƠI KINH ĐÔ,10000,
Đồ ăn vặt và Bánh Trái,4300974,OREO STRAWBERRY CREAM 24X119.6G VN TH	,Cây,KINH DO,18000,
Đồ ăn vặt và Bánh Trái,4300978,Oreo VANILLA 24 X 119.6G VN TH,Cây,KINH DO,18000,
Đồ ăn vặt và Bánh Trái,4300979,Oreo CHOCOLATE 24 X 119.6G VN TH,Cây,KINH DO,18000,
Đồ ăn vặt và Bánh Trái,4300981,Oreo BBERRY IC 24 X 119.6G,Cây,KINH DO,18000,
Đồ ăn vặt và Bánh Trái,4301431,COSY bánh quế Xoài Xí Muội 126grx24goi,Gói,KINH DO,15000,
Đồ ăn vặt và Bánh Trái,4301510,Solite tròn kem bơ sữa 288grx10H,Hộp,KINH DO,55000,
Đồ ăn vặt và Bánh Trái,4301511,Solite tròn kem bơ sữa 144gx12H,KHAY,KINH DO,29000,
Đồ ăn vặt và Bánh Trái,4302120,COSY BANH QUE CHOCO 126GX24 GOI,Gói,KINH DO,15000,
Đồ ăn vặt và Bánh Trái,4302121,COSY BANH QUE DUA 126GX24 GOI,Gói,KINH DO,15000,
Đồ ăn vặt và Bánh Trái,4302122,COSY BANH QUE DAU 126GX24 GOI,Gói,KINH DO,15000,
Đồ ăn vặt và Bánh Trái,4302166,COSY bánh quế thập cẩm 126grx24goi,Gói,KINH DO,15000,
Đồ ăn vặt và Bánh Trái,4302350,OREO PIE SOCOLA DAU 360grx8Hop,Hộp,KINH DO,68000,
Hàng hóa,4303404,HOP QUA TET HAMPER I X 6H TET23 ( 727.2 G ),Hộp,TET,189000,
Hàng hóa,4303497,OREO VANILLA RED PPB 303.6G X 12HOP,Hộp,TET,50000,
Hàng hóa,4303499,COSY BANH QUE THAP CAM TET 378GX8HOP,Hộp,TET,60000,
Hàng hóa,4303501,HOP QUA TET HAMPER V X 8HOP (748G),Hộp,TET,150000,
Hàng hóa,4303502,HOP QUA TET HAMPER III X3HOP (1369.3 ),Hộp,TET,332000,
Hàng hóa,4303503,HOP QUA TET HAMPER II X 3HOP ( 1081G ),Hộp,TET,33000,
Hàng hóa,4303508,AFC TC 375GR X 10H HG LUC GIAC TET23,Hộp,TET,111000,
Hàng hóa,4303509,OREO PIE CHOCO&DAU 480GRX10H TET23,Hộp,TET,121000,
Hàng hóa,4303510,OREO SELECTION 331.2GX10 VN TET23,Hộp,TET,167000,
Hàng hóa,4303511,SOLITE TET BLTANG DAU+ CAM 238GX10,Hộp,TET,68000,
Chăm sóc cá nhân,4303933,KD BMT SIEU MEM SOCOLA 55GR X 60G ( MỀM SÔ ),Gói,TƯƠI KINH ĐÔ,8000,
Chăm sóc cá nhân,4303934,KD SW CHA BONG 50GR X 80G ( LÁT CB ),Gói,TƯƠI KINH ĐÔ,7000,
Chăm sóc cá nhân,4303936,KD BMT SIEU MEM BO SUA 55GR X 60G ( MỀM SỮA ),Gói,TƯƠI KINH ĐÔ,8000,
Chăm sóc cá nhân,4303939,KD BMT O DAI BO SUA 80GR X 50G ( DÀI BƠ ),Gói,TƯƠI KINH ĐÔ,10000,
Chăm sóc cá nhân,4303940,KD BMT O DAI SOCOLA 80GR X 50G ( DÀI SÔ ),Gói,TƯƠI KINH ĐÔ,10000,
Chăm sóc cá nhân,4303941,KD BMT O DAI KHOAI MON 80GR X 50G ( DÀI MÔN),Gói,TƯƠI KINH ĐÔ,10000,
Chăm sóc cá nhân,4303942,KD BMT 3 MUI BO SUA 90GR X 30G ( 3 MÚI SỮA ),Gói,TƯƠI KINH ĐÔ,9000,
Chăm sóc cá nhân,4303945,KD BMT LA DUA 40GR X 90G (DỨA),Gói,TƯƠI KINH ĐÔ,5000,
Chăm sóc cá nhân,4304159,KD SW BO DAU PHONG 40GR X 80G( LÁT ĐẬU),Gói,TƯƠI KINH ĐÔ,6000,
Chăm sóc cá nhân,4304161,KD BMT TRON XE NHAN BO 70GR X 50G,Gói,TƯƠI KINH ĐÔ,11000,
Chăm sóc cá nhân,4304162,KD BMT CHA BONG 80GR X 30G,Gói,TƯƠI KINH ĐÔ,12000,
Chăm sóc cá nhân,4304164,KD BMT O KHONG NHAN SUA 80GR x 40G,Gói,TƯƠI KINH ĐÔ,10000,
Chăm sóc cá nhân,4304165,KD BMT SOT PIZZA XX PHO MAI 70GR X 40G,Gói,TƯƠI KINH ĐÔ,12000,
Chăm sóc cá nhân,4304166,KD BMT GA XOT THAI CAY 60GR X 60		,Gói,TƯƠI KINH ĐÔ,12000,
Chăm sóc cá nhân,4304167,KD BBL HAT SOCOLA 50GR X 80G ( LAN SÔ),Gói,TƯƠI KINH ĐÔ,7000,
Chăm sóc cá nhân,4304738,KD BBL TRON CAM 50GR X 80 G (LAN CAM),Gói,TƯƠI KINH ĐÔ,7000,
Hàng hóa,45BK1,Quạt đứng CN,Cái,ABA,211000,
Hàng hóa,45M1,Quạt treo,Cái,ABA,203000,
Hàng hóa,45M10,Nồi Nhôm có nắp 32cm,Bộ,ABA,173000,
Chăm sóc gia đình,45M2,Thau 5T3 - Aba 4.5 kg,Cái,ABA,47000,
Hàng hóa,45M3,Lau nhà inox,Bộ,ABA,173000,
Chăm sóc gia đình,45M7,Sọt O3 - Aba 4.5 kg,Cái,ABA,33000,
Thực phẩm và Bánh Trái,5B120103151,5k-Poca Bò lúc lắc x 80 gói,Gói,POCA,5000,
Thực phẩm và Bánh Trái,5B120132151,5k-Poca Bắp ngọt x 80 gói,Gói,POCA,5000,
Thực phẩm và Bánh Trái,5B120139167,5k-Poca Bí đỏ x 80 gói,Gói,POCA,5000,
Thực phẩm và Bánh Trái,5G120124151,5k-Poca Gà Quay x 80 gói,Gói,POCA,5000,
Thực phẩm và Bánh Trái,5M120118151,5k-Poca Mực lăn x 80 gói,Gói,POCA,5000,
Thực phẩm và Bánh Trái,5M12013683,5k-Poca Mực cay ĐB x 80 gói,Gói,POCA,5000,
Thực phẩm và Bánh Trái,5PT120501121,5k-Poca Phồng Tôm x 80 gói,Gói,POCA,5000,
Thực phẩm và Bánh Trái,5Q120137160,5k-Poca Que giòn BBQ x 80 gói,Gói,POCA,5000,
Thực phẩm và Bánh Trái,5Q120138160,5k-Poca Que Phô mai x 80 gói,Gói,POCA,5000,
Thực phẩm và Bánh Trái,5T120102151,5k-Poca Tôm Hùm x 80 gói,Gói,POCA,5000,
Hàng hóa,6139010,BE XỊT KHOÁNG 100ML+ XỊT KHOÁNG 30ML,Chai,Bio Essence,196000,
Hàng hóa,6139011,HOP QUA KEM DUONG VITAMIN B5 GEL + 1 MINI,Hộp,Bio Essence,497000,
Hàng hóa,6139012,HOP QUA TINH CHAT VITAMIN B5 GEL +2MINI,Hộp,Bio Essence,687000,
Chăm sóc cá nhân,6139013,BIO HOP QUA KEM DUONG GOLD+30ML GOLD,Hộp,Bio Essence,593000,
Chăm sóc cá nhân,6139014,BIO HOP QUA KEM DUONG GOLD DEM+30ML ROSE,Hộp,Bio Essence,593000,
Chăm sóc cá nhân,6139015,BIO KEM NÂNG CƠ VLIFT 450G+ SRM 100G,Hộp,Bio Essence,595000,
Chăm sóc cá nhân,6139016,BIO GEL TAY TBC RENEW 60G+BIO SRM WATER 30G,Hộp,Bio Essence,309000,
Chăm sóc cá nhân,6139017,BIOKEM BIRD'S NEST 50G+T.CHAT BIRD'S NEST 5G,Hộp,Bio Essence,487000,
Chăm sóc cá nhân,6139018,BIO KEM C.NANG WATER 40ML+T TRANG WATER 30G,Hộp,Bio Essence,233000,
Chăm sóc cá nhân,6139019, Bio Water B5 Foamy Cleanser 100g+ TẨY TRANG 30G,Tuýp,Bio Essence,177000,
Chăm sóc cá nhân,6139020,BIO T.TRANG WATER 100G+ SRM WATER 30G,Chai,Bio Essence,114000,
Chăm sóc cá nhân,6139021,BIO GEL DUONG WATER 50G+SRM WATER 30G,Hủ,Bio Essence,497000,
Chăm sóc cá nhân,6139022,BIO WATER SRM 30G+T.TRA 30G+XIT 30ML+T.CH 5ML,Hộp,Bio Essence,208000,
Chăm sóc cá nhân,6139023,Bio-essence Box 3 gold Rose gold Water 30ml,Hộp,Bio Essence,377000,
Thực phẩm và Bánh Trái,6B123039028,6k-Lays Thăn bò x 160 gói,Gói,POCA,7000,
Thực phẩm và Bánh Trái,6G123048017,6k-Lays Gà Cay HQ x 160 gói,Gói,POCA,7000,
Thực phẩm và Bánh Trái,6H23002024,6k-Lays Tôm Trứng muối Hkx160 gói,Gói,POCA,7000,
Thực phẩm và Bánh Trái,6H33013025T,6k-Lays Tôm hải sản  x 30 gói Thái,Thùng,POCA,188000,
Hàng hóa,6KM3,Thau inox 5t,Cái,ABA,115000,
Thực phẩm và Bánh Trái,6M123035024,6k-Lays Phô mai x 160 gói,Gói,POCA,7000,
Thực phẩm và Bánh Trái,6N123020024,6k-Lays Tự nhiên x 160 gói,Gói,POCA,7000,
Thực phẩm và Bánh Trái,6N123020024T,6k-Lays Tự nhiên x 30 gói Thái,Thùng,POCA,188000,
Thực phẩm và Bánh Trái,6N123050017,6k-Lays Muối nguyên bản x 160 gói,Gói,POCA,7000,
Thực phẩm và Bánh Trái,6S123013024,6k-Lays Sườn BBQ x 160 gói,Gói,POCA,7000,
Thực phẩm và Bánh Trái,6S123013024T,6k-Lays Sườn BBQ x 30 gói Thái,Thùng,POCA,188000,
Thực phẩm và Bánh Trái,6T123041024,6k-Lays Tảo biển x 160 gói,Gói,POCA,7000,
Thực phẩm và Bánh Trái,6T133013024T,6k-Lays Tảo x 30 gói Thái,Thùng,POCA,188000,
Thực phẩm và Bánh Trái,6X123047172,6k-Lays Cua sốt XO x 160 gói,Gói,POCA,7000,
Hàng hóa,7BG,Bếp Gas,Cái,ABA,157000,
Đồ ăn vặt và Bánh Trái,8936199810033,CÀ PHÊ SỮA ĐÁ (10 GÓI X 22G)  ( 32 hộp/thùng),Hộp,CF,44000,
Đồ ăn vặt và Bánh Trái,8936199810033-1/1,CÀ PHÊ SỮA ĐÁ (10 GÓI X 22G)  ( 32 hộp/thùng)1/1,Hộp,CF,26000,
Đồ ăn vặt và Bánh Trái,8936199810064,CÀ PHÊ SỮA ĐÁ MILK COFFEE 180ML (24lon/thùng),Lon,CF,13000,
Đồ ăn vặt và Bánh Trái,8936199810088,CÀ PHÊ HOÀ TAN SỮA ĐÁ TCH  (16 túi/ thùng),Túi,CF,99000,
Đồ ăn vặt và Bánh Trái,8936199810200,CÀ PHÊ HÒA TAN ĐẬM VỊ  ( 24h/thùng),Hộp,CF,49000,
Đồ ăn vặt và Bánh Trái,8936199810200-1/1,CÀ PHÊ HÒA TAN ĐẬM VỊ  ( 24h/thùng)(1/1),Hộp,CF,29000,
Đồ ăn vặt và Bánh Trái,8938541439152,TRÀ TÚI LỌC OOLONG TEAROMA HỘP 40G ( 36 hộp/thùng),Hộp,CF,28000,
Đồ ăn vặt và Bánh Trái,8938541439169,TRÀ TÚI LỌC SEN TEAROMA HỘP 40G( 36 hộp/thùng),Hộp,CF,28000,
Đồ ăn vặt và Bánh Trái,8938541439176,TRÀ TÚI LỌC LÀI TEAROMA HỘP 40G( 36 hộp/thùng),Hộp,CF,28000,
Đồ ăn vặt và Bánh Trái,8938541439183,TRÀ TÚI LỌC ĐÀO TEAROMA HỘP 40G ( 36 hộp/thùng),Hộp,CF,28000,
Chăm sóc gia đình,8KM5,Rổ gạo 2T8 - Aba 800g,Cái,ABA,5000,
Chăm sóc gia đình,8KM9,Thau 2T6 - Aba 800g,Cái,ABA,5000,
Thực phẩm và Bánh Trái,9879,Milo 180ml*48,Thùng,SI,375000,
Thực phẩm và Bánh Trái,9880,Milo 180ml*48 ( HÀNG IN KẸP ÍT ĐƯỜNG),Thùng,SI,375000,
Thực phẩm và Bánh Trái,9881,Nest cafe 2in1 bịch việt 16gr (12 túi/ thùng),Gói,SI,127000,
Thực phẩm và Bánh Trái,9882,Nest cafe 3 in1 bịch Đỏ 16gr (12 túi/ thùng),Gói,SI,130000,
Chăm sóc gia đình,A100363569,Axo Xanh duong 400Ml,Chai,DKSH,27000,
Chăm sóc gia đình,A100363570,Axo Hong 400Ml,Chai,DKSH,27000,
Chăm sóc gia đình,A100363571,Axo Xanh lá 400ML,Chai,DKSH,27000,
Chăm sóc gia đình,A100363572,Axo Xanh Duong 800Ml,Chai,DKSH,50000,
Chăm sóc gia đình,A100363573,Axo Hồng 800ML,Chai,DKSH,50000,
Chăm sóc gia đình,A100363574,Axo Xanh La 800Ml,Chai,DKSH,50000,
Chăm sóc gia đình,A100508716,Axo Tím 400Ml,Chai,DKSH,27000,
Chăm sóc gia đình,A100508717,Axo Tím 800Ml,Chai,DKSH,50000,
Chăm sóc gia đình,A100508718,AXO Trắng Thanh Khiết 800ml,Chai,DKSH,54000,
Chăm sóc gia đình,A100569931,Axo Hồng 1.8L,Chai,DKSH,103000,
Chăm sóc gia đình,A15,"Aba 1,5 kg*9 4 giảm 15%",Gói,ABA,67000,
Chăm sóc gia đình,A26,Aba 2.6kg*4,Gói,ABA,134000,
Chăm sóc gia đình,A31,Aba 3kg*4 6/1,Gói,ABA,136000,
Chăm sóc gia đình,A33,Aba 3kg (giặt máy)*4 6/1,Gói,ABA,138000,
Chăm sóc gia đình,A360,Aba 360gr*36 6/1,Gói,ABA,21000,
Chăm sóc gia đình,A400,Aba 400gr*36 6/1,Gói,ABA,21000,
Chăm sóc gia đình,A411,"Aba NH 4,1kg*3 6/1",Gói,ABA,186000,
Chăm sóc gia đình,A451,"Aba 4,5 kg*3 6/1",Gói,ABA,186000,
Chăm sóc gia đình,A55,"Aba 5,5 kg*3",Gói,ABA,243000,
Chăm sóc gia đình,A6,Aba 6kg*3 5/1,Gói,ABA,243000,
Chăm sóc gia đình,A720,Aba 720gr*18 6/1,Gói,ABA,40000,
Chăm sóc gia đình,A81,Aba 800gr*18 6/1,Gói,ABA,40000,
Chăm sóc gia đình,AN19H,Túi nước giặt Aba Hồng 1.9kg,Túi,ABA,120000,
Chăm sóc gia đình,AN19V,Túi nước giặt Aba Vàng 1.9kg,Túi,ABA,120000,
Chăm sóc gia đình,AN27,Nước giặt Aba 2.75L Đỏ 5/1,Chai,ABA,141000,
Chăm sóc gia đình,AN271,Nước giặt Aba 2.75L Xanh 5/1,Chai,ABA,141000,
Chăm sóc gia đình,AN36,Túi nước giặt Aba Vàng 3.6kg,Túi,ABA,184000,
Chăm sóc gia đình,AN36H,Túi nước giặt Aba Hồng 3.6kg,Túi,ABA,184000,
Chăm sóc gia đình,B101034016,BCS One True Fit 3pcs-Xanh lá,Hộp,DKSH,36000,
Chăm sóc gia đình,B101034017,BCS One Super Sensitive 3pcs-Xanh dương,Hộp,DKSH,52000,
Chăm sóc gia đình,B101034019,BCS One Super Studs 3pcs-Cam,Hộp,DKSH,58000,
Chăm sóc gia đình,B101034060,BCS One Mixed Pleasure 3pcs-Tím,Hộp,DKSH,60000,
Thực phẩm và Bánh Trái,BCT,Nước bon cha tắc 500ml,Thùng,SI,221000,
Hàng hóa,BK23,Nước giặt Binky Hồng 2.3Lx4,Túi,ABA,81000,
Hàng hóa,BK231,Nước giặt Binky Xanh 2.3Lx4,Túi,ABA,81000,
Hàng hóa,BK24,BG Binky 2.4Kg*4 12/1,Gói,ABA,69000,
Hàng hóa,BK311,Nước giặt Binky 3.1Lx4 Hồng,Túi,ABA,102000,
Hàng hóa,BK312,Nước giặt Binky 3.1Lx4 Xanh,Túi,ABA,102000,
Hàng hóa,BK36,Nước giặt Binky 3.6kg Xanh,Chai,ABA,124000,
Hàng hóa,BK361,Nước giặt Binky 3.6kg Hồng,Chai,ABA,124000,
Hàng hóa,BK43,BG Binky 4.3 kg*3 6/1,Gói,ABA,134000,
Hàng hóa,BK560,Binky 560g*18 5/1,Gói,ABA,18000,
Hàng hóa,BK6,BG Binky 5.7kg*3 5/1,Gói,ABA,172000,
Chăm sóc cá nhân,BONG70M,Bông  Puffme ép biên dạng túi 70 miếng-27.000 đ,Bao,YAHON,36000,
Chăm sóc cá nhân,BONG90M,Bông Poppuff 2 CD 90+ 30 miếng:21.000 đ,Bao,YAHON,28000,
Thực phẩm và Bánh Trái,CĐXT,Lộc Phát- Cháo Sườn Hầm Đ.Xanh 50gx50gói/thùng,Thùng,LOC PHAT,325000,
Thực phẩm và Bánh Trái,CHINO,Mì Chinnoo không gia vị túi kiếng ( 12 túi/thùng),Túi,SASIN,113000,
Thực phẩm và Bánh Trái,CHINO1,Mì Chinnoo bò cay ( 12 túi/thùng),Túi,SASIN,113000,
Thực phẩm và Bánh Trái,CKIDT,Lộc Phát- Cháo YẾN  KID IQ 50gx30g/thùng,Thùng,LOC PHAT,268000,
Thực phẩm và Bánh Trái,CST25,Lộc Phát- Cháo YẾN  ST25  60gramx30gói/thùng,Thùng,LOC PHAT,271000,
Thực phẩm và Bánh Trái,CTB1,Lộc Phát- Cháo Thịt bằm 50gx50gói/thùng,Thùng,LOC PHAT,170000,
Thực phẩm và Bánh Trái,CTBT,Lộc Phát- Cháo Thịt bằm 50gx53gói/thùng,Thùng,LOC PHAT,180000,
Thực phẩm và Bánh Trái,CYCT,Lộc Phát- Cháo YẾN chay nấm hương50gx30g/thùng,Thùng,LOC PHAT,251000,
Thực phẩm và Bánh Trái,CYLDXT,Lộc Phát-Cháo Sườn Hầm Ly 50gx24ly/thùng,Thùng,LOC PHAT,208000,
Thực phẩm và Bánh Trái,CYLTBT,Lộc Phát-Cháo Yến Ly 50gx24ly/thùng,Thùng,LOC PHAT,278000,
Thực phẩm và Bánh Trái,CYLTBT1,Lộc Phát-Cháo Thịt Bằm Ly 50gx24Ly/thùng,Thùng,LOC PHAT,145000,
Thực phẩm và Bánh Trái,CYTB,Lộc Phát- Cháo YẾN  50gx30gói/thùng,Gói,LOC PHAT,9000,
Thực phẩm và Bánh Trái,CYTBT,Lộc Phát- Cháo YẾN  50gx30gói/thùng,Thùng,LOC PHAT,259000,
Thực phẩm và Bánh Trái,CYTBTV,Lộc Phát- Cháo Yến Vàng 50gx30gói/thùng ,Thùng,LOC PHAT,244000,
Thực phẩm và Bánh Trái,D100794127,Devondale Sữa bột 1Kg x 8 gói ,Gói,DKSH,279000,
Thực phẩm và Bánh Trái,D100965027,Devondale FullCream Xanh 6x200ml,Thùng,DKSH,318000,
Thực phẩm và Bánh Trái,D100965028,Devondale FullCream Xanh 1Lx10,Thùng,DKSH,460000,
Thực phẩm và Bánh Trái,D100965029,Sữa Devondale Fullcream 2L x 6 hộp,Hộp,DKSH,81000,
Thực phẩm và Bánh Trái,D100965030,Sữa Devondale Fullcream Dâu 6x200ml,Thùng,DKSH,347000,
Thực phẩm và Bánh Trái,D120201135,5k-Poca Đậu phô mai x 6 dây,Dây 10,POCA,47000,
Thực phẩm và Bánh Trái,D120206135,5k-Poca Đậu cốt dừa x 6 dây,Dây 10,POCA,47000,
Thực phẩm và Bánh Trái,D120210016,5k-Poca Đậu mực cay x 6 dây,Dây 10,POCA,47000,
Thực phẩm và Bánh Trái,D130206136,10k-Poca Đậu cốt dừa 90g x 4 lốc10,Lốc 10,POCA,91000,
Thực phẩm và Bánh Trái,D130206137,10k-Poca Đậu phô mai 90g x 4 lốc10,Lốc 10,POCA,91000,
Thực phẩm và Bánh Trái,D130206426,10k-Poca Đậu mực cay 80g x 4 lốc10,Lốc 10,POCA,91000,
Hàng hóa,DG1,DG Dây Ramus 12 gói x 120,Dây,ABA,6000,
Chăm sóc cá nhân,EBNAU,Kem Biona Nâu,Hộp,ABA,10000,
Chăm sóc cá nhân,EBNGH,Kem Biona Nghệ,Hộp,ABA,16000,
Hàng hóa,EKEN,Kem bôi da Kentax 10%,Hộp,ABA,11000,
Hàng hóa,ELOT,Keo lột E100 lớn,Tuýp,ABA,22000,
Hàng hóa,EMAX,Bi Max,Hộp,ABA,15000,
Hàng hóa,EMUN,Kem E100 Nghệ,Hộp,ABA,17000,
Hàng hóa,ERE1,Kem Reenax trị mụn,Hộp,ABA,43000,
Hàng hóa,ETIN,Kem bôi da Tinecol 10%,Hộp,ABA,9000,
Hàng hóa,ETOM,Kem bôi da Tomax,Hộp,ABA,9000,
Hàng hóa,EUPRE,Dưỡng tay,Tuýp,ABA,24000,
Chăm sóc gia đình,G100363575,Green Cross RT Táo 100ML,Chai,DKSH,26000,
Chăm sóc gia đình,G100363576,Green Cross RT Tự nhiên 100ML,Chai,DKSH,26000,
Chăm sóc gia đình,G100363577,Green Cross RT Trà Xanh 100ML,Chai,DKSH,26000,
Chăm sóc gia đình,G100363578,Green Cross RT Dứa Táo 250ML,Chai,DKSH,44000,
Chăm sóc gia đình,G100363579,Green Cross RT Tự Nhiên 250ML,Chai,DKSH,44000,
Chăm sóc gia đình,G100363580,Green Cross RT Trà Xanh 250ML,Chai,DKSH,44000,
Chăm sóc gia đình,G100395687,Green Cross Xịt Dứa Táo 70ML,Chai,DKSH,32000,
Chăm sóc gia đình,G100395688,Green Cross Xịt Tự nhiên 70ML,Chai,DKSH,32000,
Chăm sóc gia đình,G100395689,Green Cross Xịt Trà Xanh 70ML,Chai,DKSH,32000,
Chăm sóc gia đình,G100395700,Green Cross GEL Dứa Táo 100ML,Chai,DKSH,39000,
Chăm sóc gia đình,G100395701,Green Cross GEL Tự nhiên 100ML,Chai,DKSH,39000,
Chăm sóc gia đình,G100395702,Green Cross GEL Trà xanh 100ML,Chai,DKSH,39000,
Chăm sóc gia đình,G100472642,Green Cross Xịt A2 Xanh Fresh 500ML,Chai,DKSH,64000,
Chăm sóc gia đình,G100533313,Green Cross Xịt A2 Cam Summer 500ML,Chai,DKSH,64000,
Chăm sóc cá nhân,G100760039,Gatsby Kem Dưỡng Tóc 125g,Hũ,DKSH,27000,
Chăm sóc cá nhân,G100760110,GATSBY Gel Mềm Tím 170g,Tuýp,DKSH,39000,
Chăm sóc gia đình,G100811359,Greencross DD 500ml,Chai,DKSH,102000,
Hàng hóa,G100885872,Gatsby SH Gel Siêu cứng 200g,Tuýp,,111000,
Chăm sóc gia đình,G100885874,GB Khăn ướt BODY ICE CITRUS 30 tờ,Gói,DKSH,102000,
Chăm sóc cá nhân,G100908621i,Gatsby Gel Tối Ưu Đen 170G,Tuyp,DKSH,39000,
Chăm sóc cá nhân,G100922273,Gatsby Pomade Classy Dry Xám 75G,Hộp,DKSH,71000,
Chăm sóc cá nhân,G100922274i,Gatsby Pomade Perfect Raise Đen 75G,Hộp,DKSH,71000,
Chăm sóc cá nhân,G100922275,Gatsby Pomade Retro Xám 75G,Hộp,DKSH,71000,
Hàng hóa,G10092229,Gatsby Nước hoa EDT Platinum,Chai,,114000,
Chăm sóc cá nhân,G100938396,GATSBY Gel Cứng Xanh 170G,Tuýp,DKSH,39000,
Chăm sóc cá nhân,G100938397,Gatsby Gel Siêu cứng Vàng 170G,Tuyp,DKSH,39000,
Chăm sóc cá nhân,G101006032,Gatsby Wax H&F Xanh 75G,Hũ,DKSH,62000,
Chăm sóc cá nhân,G101006033,Gatsby Wax M&H Đen 75G,Hũ,DKSH,62000,
Chăm sóc cá nhân,G101006034,Gatsby Wax P&S Đỏ 75G,Hũ,DKSH,62000,
Chăm sóc cá nhân,G101006035,Gatsby Wax 25g,Hũ,DKSH,31000,
Chăm sóc cá nhân,G101006037,GATSBY Keo xịt Siêu Cứng 250ML,Chai,DKSH,92000,
Chăm sóc cá nhân,G101109117,Gatsby SRM Strong Clear Foam 130g,Tuýp,DKSH,63000,
Chăm sóc cá nhân,G101109119,Gatsby SRM Perfect Scrub 130g,Tuýp,DKSH,63000,
Chăm sóc cá nhân,GDNN,Giấy Đa năng nhỏ lốc 6 + 1 Hộp để bàn: 48.500 đ,Lốc,YAHON,64000,
Chăm sóc cá nhân,GHKM,Khăn giấy hộp Let-Green không mùi: 17.200 đ  (5/1),Hộp,YAHON,19000,
Thực phẩm và Bánh Trái,HLBD220,Hà Lan Bịch đường 220ml*48,Thùng,SI,306000,
Thực phẩm và Bánh Trái,HLBKD220,Hà Lan Bịch Không Đường 220ml*48,Thùng,SI,306000,
Hàng hóa,HLH,HL Hồng,Hộp,ABA,13000,
Thực phẩm và Bánh Trái,HLH22,Hà Lan Hộp Đường 180ml*48,Thùng,SI,364000,
Chăm sóc cá nhân,I100925797,ST. IVES ST Yến mạch & Bơ 473ML,Chai,DKSH,131000,
Chăm sóc cá nhân,I100925798,ST. IVES ST Hương mơ 473ML,Chai,DKSH,131000,
Chăm sóc cá nhân,I100925799,ST. Ives ST Muối Biển 473ML,Chai,DKSH,131000,
Chăm sóc cá nhân,I100925800,ST. IVES ST Cam Chanh 473ML,Chai,DKSH,131000,
Chăm sóc cá nhân,I100925802,ST. IVES ST Yến mạch&Bơ 650ML,Chai,DKSH,160000,
Chăm sóc cá nhân,I100925803,ST. IVES ST Muối biển 650ml,Chai,DKSH,160000,
Chăm sóc cá nhân,I100925804,ST. IVES ST Cam Chanh 650ml,Chai,DKSH,160000,
Chăm sóc cá nhân,I100925805,ST. IVES ST Hoa hồng&Lô Hội 650ml,Chai,DKSH,160000,
Chăm sóc cá nhân,I100925808,ST. IVES SDT Vitamin E và Bơ 621ML,Chai,DKSH,160000,
Chăm sóc cá nhân,I100925809,ST. IVES SDT Lúa Mạch và Bơ 621ml,Chai,DKSH,160000,
Chăm sóc cá nhân,I100925810,ST. IVES SDT Trẻ hóa Collagen 621ml,Chai,DKSH,160000,
Chăm sóc cá nhân,I100996278,ST. IVES SRM Trà xanh 170G,Tuýp,DKSH,113000,
Chăm sóc cá nhân,I100996279,ST. IVES SRM Chiết xuất mơ 170g,Tuýp,DKSH,113000,
Chăm sóc cá nhân,I100996411,ST. IVES SRM Hương mơ 170g,Tuýp,DKSH,113000,
Chăm sóc cá nhân,I100996413,ST. IVES SRM Café 170G,Tuýp,DKSH,113000,
Thực phẩm và Bánh Trái,I100G,Bánh gạo ICHI vị mật ong 100g (nhỏ),Gói,ONE ONE,18000,
Chăm sóc cá nhân,I101059009,ST. IVES SRM Bơ&Mật Ong 170G,Tuýp,DKSH,113000,
Chăm sóc cá nhân,I101078938,St.Ives Gel RM Blemish Care Tram Tra 200ML,Chai,DKSH,167000,
Chăm sóc cá nhân,I101117363,ST. IVES SRM Hoa Hồng&Lô Hội 170G,Tuýp,DKSH,113000,
Chăm sóc cá nhân,I101123825,St.Ives Dưỡng Da 30ml,Tuýp,DKSH,87000,
Thực phẩm và Bánh Trái,I180G,Bánh gạo ICHI vị mật ong 180g (lớn),Gói,ONE ONE,30000,
Chăm sóc gia đình,J100712614,JUMBO C.Trùng Cam Chanh 300ML,Chai,DKSH,38000,
Chăm sóc gia đình,J100712615,JUMBO C.Trùng Lavender 300ML,Chai,DKSH,38000,
Chăm sóc gia đình,J100712616,JUMBO C.Trùng Lài 300ML,Chai,DKSH,38000,
Chăm sóc gia đình,J100712617,JUMBO C.Trùng Cam Chanh 600ML,Chai,DKSH,67000,
Chăm sóc gia đình,J100712618,JUMBO C.Trùng Lavender 600ML,Chai,DKSH,67000,
Chăm sóc gia đình,J100712619,JUMBO C.Trùng Lài 600ML,Chai,DKSH,67000,
Chăm sóc gia đình,J100712620,JUMBO Muỗi F9 Cam Chanh 600ML,Chai,DKSH,60000,
Chăm sóc gia đình,J100712621,Jumbo FA K mùi 600ml,Chai,DKSH,60000,
Chăm sóc gia đình,J100792482,JUMBO Chất xông muỗi đơn,Cái,DKSH,31000,
Chăm sóc gia đình,J100792483,JUMBO Bộ xông đuổi muỗi,Bộ,DKSH,56000,
Chăm sóc gia đình,J100792484,Jumbo Chất xông đôi,Bộ,DKSH,55000,
Chăm sóc gia đình,J100842799,JUMBO C.trùng K mùi Odourless 600ml,Chai,DKSH,67000,
Chăm sóc gia đình,J100843151,JUMBO C.trùng K mùi Odourless 300ml,Chai,DKSH,38000,
Chăm sóc gia đình,J100886064,Jumbo Nhang S2,Hộp,DKSH,13000,
Chăm sóc gia đình,J100912516,Jumbo Nhang K5,Hộp,DKSH,9000,
Chăm sóc gia đình,J100942723,JUMBO One Push 60 Xịt,Chai,DKSH,53000,
Chăm sóc gia đình,J100974080,JUMBO XỊT Ctrung Chanh&K mùi 600ml+4HopS2,Bộ,DKSH,155000,
Chăm sóc gia đình,J101015514,Jumbo M2 Nhang Lài Vàng,Hộp,DKSH,9000,
Chăm sóc gia đình,J101015517,Kaori Xịt Phòng Cam 280ml,Chai,DKSH,41000,
Chăm sóc gia đình,J101015518,Kaori Xịt Phòng Hoa Hồng 280ml,Chai,DKSH,41000,
Chăm sóc gia đình,J101015519,Kaori Xịt Phòng Hương Biển 280ml,Chai,DKSH,41000,
Chăm sóc gia đình,J101015615,Nhang M22 Lavender,Hộp,DKSH,9000,
Chăm sóc gia đình,J101068531,Jumbo Nhang S2+Hộp nhựa,Bộ,DKSH,172000,
Chăm sóc gia đình,J101085448,Jumbo Xịt C.trùng Trà 600ml,Chai,DKSH,67000,
Hàng hóa,JUD1,Dây xả Junco Vàng đồng*30 dây,Dây,ABA,13000,
Hàng hóa,JUD12,Dây xả Junco Xanh lá*30 dây,Dây,ABA,13000,
Hàng hóa,JUD3,Dây xả Junco Đỏ*30 dây,Dây,ABA,13000,
Hàng hóa,JUD6,Dây xả Junco Đen*30 dây,Dây,ABA,13000,
Hàng hóa,JUD9,Dây xả Junco Xanh dương*30 dây,Dây,ABA,13000,
Hàng hóa,JUNC81,Chai xả Junco 800ml Đỏ giảm 12%,Chai,ABA,55000,
Hàng hóa,JUNC82,Chai xả Junco 800ml Xanh Dương giảm 12%,Chai,ABA,55000,
Hàng hóa,JUNC83,Chai xả Junco 800ml Đen giảm 12%,Chai,ABA,55000,
Hàng hóa,JUNT3,Túi xả Junco 800 Đen 12%,Túi,ABA,50000,
Chăm sóc gia đình,K100743266,Milo Chocobar 30g,Thanh,DKSH,12000,
Thực phẩm và Bánh Trái,K100753907,Kitkat Trà Xanh 8 thanh 2F 17gx8,Gói,DKSH,76000,
Thực phẩm và Bánh Trái,K100753908,KitKat Thanh 2F Trà xanh 17g,Thanh,DKSH,11000,
Thực phẩm và Bánh Trái,K100793955,KitKat 6 thanh 2F B/F (6X17G) Cocoa,Gói,DKSH,39000,
Thực phẩm và Bánh Trái,K100793956,KitKat Thanh 4F B/F 35G Cocoa,Thanh,DKSH,15000,
Thực phẩm và Bánh Trái,K100793959,Kitkat Gói 12 thanh 2F 12X17g Cocoa,Gói,DKSH,75000,
Thực phẩm và Bánh Trái,K100793960,KitKat Cocoa Bites 40g,Thanh,DKSH,23000,
Thực phẩm và Bánh Trái,K100793966,KitKat Thanh 4F Trà xanh 35G,Thanh,DKSH,20000,
Thực phẩm và Bánh Trái,K100793993,Kitkat Chunky 38g-Cocoa,Thanh,DKSH,17000,
Thực phẩm và Bánh Trái,K100793994,KitKat Gói 3 thanh Chunky 3x38G,Gói,DKSH,48000,
Thực phẩm và Bánh Trái,K100864457,KitKat Thanh Chunky Bánh Quy 38g,Thanh,DKSH,18000,
Thực phẩm và Bánh Trái,K100998855,KitKat Thanh 2F BF 17g Cocoa,Thanh,DKSH,7000,
Thực phẩm và Bánh Trái,K100998856,Milo Viên Nuggets 25g,Gói,DKSH,15000,
Thực phẩm và Bánh Trái,K101060029,Kitkat Chunky Pack 3_114g_Tet,Hộp,DKSH,52000,
Thực phẩm và Bánh Trái,K101084637,Kitkat Pack 6 thanh_102g TET,Hộp,DKSH,40000,
Thực phẩm và Bánh Trái,K101084638,KitKat goi SB 12 204g Tet,Hộp,DKSH,82000,
Thực phẩm và Bánh Trái,K101084639,Kitkat Tra xanh SB 8_136g_Tet,Gói,DKSH,82000,
Chăm sóc gia đình,K101084661,Combo Milo 108.5g_TET,Hộp,DKSH,58000,
Thực phẩm và Bánh Trái,K101084662,Kitkat JP Dâu 11 thanh_TET,Hộp,DKSH,95000,
Chăm sóc gia đình,K101084663,Nestle Bánh quy Socola 4x31g,Hộp,DKSH,25000,
Chăm sóc gia đình,K101084664,Nestle Bánh quy 372g_TET,Hộp,DKSH,92000,
Thực phẩm và Bánh Trái,K101185188,Kitkat Gold SB_136g_Tet,Gói,DKSH,84000,
Hàng hóa,KDR1,KDR Doreen Trà xanh 200gr(+bàn chải),Tuýp,ABA,24000,
Hàng hóa,KDR5,KDR Doreen Trà Xanh 180gr 6/1,Tuýp,ABA,17000,
Hàng hóa,KDR7,KDR Doreen Xanh Ngọc 200gr 6/1,Tuýp,ABA,17000,
Hàng hóa,KDR8,KDR Doreen Tinh thể Băng 180g 6/1,Tuýp,ABA,26000,
Thực phẩm và Bánh Trái,KL123206161,Laystax Tự Nhiên 160gx14hộp,Lon,POCA,41000,
Thực phẩm và Bánh Trái,KL123206162,Laystax Kem hành 160gx14hộp,Lon,POCA,41000,
Thực phẩm và Bánh Trái,KL123207161,Laystax Tôm 160gx14hộp,Lon,POCA,41000,
Thực phẩm và Bánh Trái,KL123213165,Laystax Sườn nướng BBQ 160gx14hộp,Lon,POCA,41000,
Thực phẩm và Bánh Trái,KO123206149,Laystax Tự Nhiên 105grx16 hộp,Hộp,POCA,34000,
Thực phẩm và Bánh Trái,KO123207149,Laystax Tôm 105grx16 hộp,Hộp,POCA,34000,
Thực phẩm và Bánh Trái,KO123209149,Laystax Mực 105grx16 hộp,Hộp,POCA,34000,
Thực phẩm và Bánh Trái,KO123210149,Laystax Kem hành105grx16 lon,Hộp,POCA,34000,
Thực phẩm và Bánh Trái,KO123223176,Laystax Ớt Sriracha105grx16 lon,Hộp,POCA,34000,
Thực phẩm và Bánh Trái,KO123224176,Laystax Lá thơm Oregano 105grx16 lon,Hộp,POCA,34000,
Chăm sóc gia đình,L100857684,Lactacyd Milky TG Trẻ em 500ML,Chai,DKSH,162000,
Chăm sóc gia đình,L100864736,Lactacyd Odor Fresh 150ML,Hộp,DKSH,49000,
Chăm sóc cá nhân,L100942174,LACTACYD DDVS Soft&Silky 150ML,Chai,DKSH,56000,
Chăm sóc cá nhân,L100942175,LACTACYD DDVS Soft&Silky 250ml,Chai,DKSH,83000,
Chăm sóc cá nhân,L101001848i,Lactacyd Milky Trẻ em 250ml,Chai,DKSH,95000,
Chăm sóc cá nhân,L101044511,Lactacyd ST Trẻ Em BB 250ml,Chai,DKSH,95000,
Chăm sóc cá nhân,L101081953,Combo Lactacyd 2Milky250+2Pearly,Bộ,DKSH,258000,
Chăm sóc cá nhân,L101081954,Combo Lactacyd 6xMilky250,Bộ,DKSH,499000,
Chăm sóc cá nhân,L101081955,Combo Lactacyd 6xFresh250ml,Bộ,DKSH,388000,
Chăm sóc cá nhân,L101081956,Combo Lactacyd 3xFresh250ml+3Milky250,Bộ,DKSH,443000,
Chăm sóc cá nhân,L101081957,Combo Lactacyd 3Nourish150+2NR60ml,Bộ,DKSH,197000,
Chăm sóc cá nhân,L101081958,Lactacyd BB 500ml+Prosen150ml,Bộ,DKSH,180000,
Chăm sóc cá nhân,L101081959,Lactacyd Milky 500ml+Prosen150ml,Bộ,DKSH,180000,
Chăm sóc gia đình,L101081960,Combo Gentle 500mlx2+4x60ml,Bộ,DKSH,321000,
Chăm sóc cá nhân,L101099107,Lactacyd DDVS Odor Fresh 250ml,Chai,DKSH,72000,
Chăm sóc cá nhân,L101099110,Lactacyd DDVS Pro Sensitive 150ml,Chai,DKSH,56000,
Chăm sóc cá nhân,L101099111,Lactacyd DDVS Pro Sensitive 250ml,Chai,DKSH,83000,
Chăm sóc cá nhân,L101113917,Lactacyd Pearly Intimate 150ML,Chai,DKSH,63000,
Hàng hóa,L101113918,Lactacyd Extra Nourish,Chai,,66000,
Chăm sóc cá nhân,L101159847,Lactacyd BB 500ML,Chai,DKSH,162000,
Chăm sóc cá nhân,LETCON10M,Letgreen cồn 10 miếng Lốc 3: 27.600 đ (4/1),Bao,YAHON,29000,
Chăm sóc cá nhân,LETCON50M,Letgreen cồn 50 miếng: 33.200 đ (4/1),Bao,YAHON,35000,
Hàng hóa,LX1,Dầu gội Lexi dây vàng 14 gói 6/1,Dây,ABA,10000,
Hàng hóa,LX12,Dầu gội Lexi dây Hồng 14 gói 6/1,Dây,ABA,10000,
Hàng hóa,LX13,Dầu gội Lexi dây xanh lá 14 gói 6/1,Dây,ABA,10000,
Hàng hóa,LX5,Dầu gội Lexi Xanh 650g 6/1,Chai,ABA,101000,
Hàng hóa,LX6,Dầu gội Lexi Hồng 650g 6/1,Chai,ABA,101000,
Hàng hóa,LX7,Dầu gội Lexi vàng 650g 6/1,Chai,ABA,101000,
Khu vực thú cưng,M100745900,T.an Cho con-Vi bo trung sot 80g,Gói,DKSH,51000,
Khu vực thú cưng,M100746012,T.An Cho-Vi thit Bo&rau cu tui 1.5 kg,Gói,DKSH,118000,
Khu vực thú cưng,M100746014,Thuc an meo-ca bien 20kg,Bao,DKSH,1680000,
Khu vực thú cưng,M100746015,Thuc An Cho-Vi Ga&rau cu tui 1.5 kg,Gói,DKSH,118000,
Khu vực thú cưng,M100746025,Thuc An Cho con-Vi Ga nau sot 130g,Gói,DKSH,18000,
Khu vực thú cưng,M100746026,Thuc An Cho-Vi Ga nau sot 130g,Gói,DKSH,18000,
Khu vực thú cưng,M100746027,T.An Meo Con- vi ca bien&sua 1.1kg,Túi,DKSH,129000,
Khu vực thú cưng,M100746028i,Thuc An Meo-Vi Ca thu tui 1.2 kg,Túi,DKSH,129000,
Khu vực thú cưng,M100746029,Thuc An Meo-Vi Ca bien tui 480g,Gói,DKSH,60000,
Khu vực thú cưng,M100746030,Thuc An Meo-Vi ca bien 7kg,Bao,DKSH,701000,
Khu vực thú cưng,M100746031,Thuc An Meo vi Ca ngu tui 1.2 kg,Gói,DKSH,129000,
Khu vực thú cưng,M100746032,Thuc An Meo vi Ca bien tui 1.2 kg,Gói,DKSH,129000,
Khu vực thú cưng,M100746033,Thuc An Meo-Vi Ca ngu tui 480g,Gói,DKSH,60000,
Chăm sóc gia đình,M100746034,Thức Ăn Mèo Vị cá BIS gói 400g,Gói,DKSH,39000,
Chăm sóc gia đình,M100746035,Thức ăn mèo Vị cá biển lon 400g,Lon,DKSH,43000,
Chăm sóc gia đình,M100746114,Catsan - Cát VS cho mèo,Túi,DKSH,114000,
Chăm sóc gia đình,M100746115,Catsan - Cát VS cho mèo 9L,Túi,DKSH,205000,
Khu vực thú cưng,M100750182,T.An Cho vi bo&rau cu tui 500g,Gói,DKSH,44000,
Khu vực thú cưng,M100808286,T.An Meo Con- vi ca bien&sua 450g,Túi,DKSH,62000,
Khu vực thú cưng,M100839923,Thuc An Meo-Vi ca bien tui 3kg,Gói,DKSH,320000,
Khu vực thú cưng,M100864325,Thuc An Meo-vi ca thu BIS gói 400g,Gói,DKSH,39000,
Khu vực thú cưng,M100886065,T.An vat Cho - bo xong khoi 80g,Gói,DKSH,38000,
Khu vực thú cưng,M100886066,Thuc an vat Cho - gan nuong 80g,Gói,DKSH,38000,
Khu vực thú cưng,M100886067,T.An vat Cho - bo xong khoi que 60g,Gói,DKSH,38000,
Khu vực thú cưng,M100886068,Thuc an vat Cho heo muoi que 60g,Gói,DKSH,38000,
Chăm sóc gia đình,M100886069,Banh xuong Cho trung 98g,Gói,DKSH,40000,
Chăm sóc gia đình,M100886124,Banh xuong cho nho 56g (new),Gói,DKSH,38000,
Chăm sóc gia đình,M100886125,Banh xuong Cho con 75g (new),Gói,DKSH,38000,
Chăm sóc gia đình,M100886126,Temptation Ca ngu 85g,Gói,DKSH,55000,
Chăm sóc gia đình,M100886226,Sốt Temptation 48g,Gói,DKSH,38000,
Chăm sóc gia đình,M100899226,Banh xuong cham soc rang cho kieng 60g,Gói,DKSH,38000,
Khu vực thú cưng,M100899230,Thuc an cho gion 60g,Gói,DKSH,40000,
Khu vực thú cưng,M100944496,Sot Cho Lon Bo ham Rau Cu 130G,Gói,DKSH,18000,
Khu vực thú cưng,M100944497,Sot cho lon - Vi gan nuong & rau 130g,Gói,DKSH,18000,
Khu vực thú cưng,M100944498,"Sot cho con - Vi ga, gan trung & rau 80g",Gói,DKSH,13000,
Khu vực thú cưng,M100944499,"Sot cho lon - Vi ga, gan nuong & rau 80g",Gói,DKSH,13000,
Khu vực thú cưng,M100944840,Sot cho lon - Vi bo nuong & rau 80g,Gói,DKSH,13000,
Khu vực thú cưng,M100954694,Thuc An Meo-Vi thu&Ca hoi tui 85g,Gói,DKSH,13000,
Khu vực thú cưng,M100955623,Thuc An Meo-Vi Ca ngu dang tui 85g,Gói,DKSH,13000,
Khu vực thú cưng,M100955624,Thuc An Meo-Vi thu tui 85g,Gói,DKSH,13000,
Khu vực thú cưng,M100955625,T.An Meo-Vi Ca Bien dang tui 85g,Gói,DKSH,13000,
Khu vực thú cưng,M100955627,T.An Meo con-Vi Ca ngu tui 85g,Gói,DKSH,13000,
Khu vực thú cưng,M101073468,T.An Cho con-Vi Ga & trung&sua 400g,Gói,DKSH,51000,
Khu vực thú cưng,M101080792,T.An Meo con-Vi Ca thu tui 85g,Gói,DKSH,13000,
Chăm sóc gia đình,M101101178,Thức ăn mèo Vị cá ngừ lon 400g,Lon,DKSH,43000,
Khu vực thú cưng,M101144900,T.An Meo Con- ca thu 450g,Túi,DKSH,62000,
Khu vực thú cưng,M101144901,T.An Meo Con- ca thu 1.1kg,Túi,DKSH,129000,
Chăm sóc gia đình,M101144903,Thức ăn mèo Vị Gà&cá ngừ 85g,Gói,DKSH,13000,
Hàng hóa,M10124567,Gatsby ST 250ml,Chai,,84000,
Hàng hóa,M10124568,Gatsby ST 450ml,Gói,,107000,
Khu vực thú cưng,M101886066,T.An vat Cho - ga xong khoi 80g,Gói,DKSH,38000,
Chăm sóc gia đình,M110955627,Combo 6+1 Meo con-Ca ngu 80g,Bộ,DKSH,77000,
Thực phẩm và Bánh Trái,M75GB,Mì 3 Miền 75g bò hầm rau thơm,Thùng,SI,125000,
Thực phẩm và Bánh Trái,M75GC,Mì 3 Miền 75g chua cay đặc biệt ,Thùng,SI,125000,
Thực phẩm và Bánh Trái,M85G,Mì Reeva 85g lẫu nấm chua cay,Thùng,SI,246000,
Hàng hóa,MD8,Bột giặt Manda 800g*18,Gói,ABA,33000,
Thực phẩm và Bánh Trái,N15001,Nước Satori chai 1.5l (12c/thùng),Thùng,SATORI,123000,
Thực phẩm và Bánh Trái,N3501,Nước  Satori chai 350ml (24c/thùng),Thùng,SATORI,110000,
Thực phẩm và Bánh Trái,N5001,Nước Satori chai 500ml (24c/thùng),Thùng,SATORI,123000,
Chăm sóc cá nhân,NUNA100KM,Khăn ướt Baby NUNA 100 miếng không mùi:36.800 đ (5/1),Bao,YAHON,40000,
Thực phẩm và Bánh Trái,NYD,Lộc Phát-Nước Yến Nha đam Đào 500ml x24c/thùng,Thùng,LOC PHAT,231000,
Thực phẩm và Bánh Trái,NYDLT,Lộc Phát-Nước Yến Dưa lưới  415mll x24c/thùng,Thùng,LOC PHAT,219000,
Thực phẩm và Bánh Trái,NYNDT,Lộc Phát-Nước Yến Nha đam 500ml x24c/thùng,Thùng,LOC PHAT,231000,
Thực phẩm và Bánh Trái,O142,Bánh gạo vị xì dầu Nhật 142g ,Gói,ONE ONE,23000,
Thực phẩm và Bánh Trái,OB,Bánh mặn vị Bò nướng 150g (nhỏ),Gói,ONE ONE,23000,
Thực phẩm và Bánh Trái,OB104,One tảo biển bạch tuộc 104g,Gói,ONE ONE,17000,
Thực phẩm và Bánh Trái,OB225,One One Bò Nướng 225g (lớn),Gói,ONE ONE,32000,
Thực phẩm và Bánh Trái,OM118G,Bánh mặn vị Pho mai Ngô 118g,Gói,ONE ONE,27000,
Thực phẩm và Bánh Trái,ON150,Bánh ngọt 150g (nhỏ),Gói,ONE ONE,17000,
Thực phẩm và Bánh Trái,ON230G,Bánh ngọt 230g (lớn),Gói,ONE ONE,25000,
Thực phẩm và Bánh Trái,OT,Bánh mặn vị tôm nướng 150gr (nhỏ),Gói,ONE ONE,23000,
Chăm sóc gia đình,P100760121,Pucelle NH Jolly Tím 75ml,Chai,DKSH,28000,
Chăm sóc gia đình,P100760122,Pucelle NH Spacking Hồng 75ML,Chai,DKSH,28000,
Chăm sóc gia đình,P100760124,Pucelle NH WO Xanh dương 75ml,Chai,DKSH,28000,
Chăm sóc gia đình,P100760127,Pucelle NH Thu Ran 100ml,Chai,DKSH,41000,
Chăm sóc gia đình,P100760128,Pucelle NH Xuân Sakura 100ml,Chai,DKSH,41000,
Chăm sóc gia đình,P100760129,Pucelle NH 150ml,Chai,DKSH,48000,
Chăm sóc gia đình,P100760131,Lovillea NH 100ML,Chai,DKSH,26000,
Chăm sóc gia đình,P100760135,Pucelle Blooming Blossom 75ml,Chai,DKSH,28000,
Chăm sóc gia đình,P100945508,Pucelle NH Perfect Getaway Cam 75ml,Chai,DKSH,28000,
Thực phẩm và Bánh Trái,P1B120103175,10k-Poca Bò Lúc Lắc 65g 8x5,Gói,POCA,10000,
Thực phẩm và Bánh Trái,P1B120132193,10k-Poca Bắp Ngọt 7x10,Gói,POCA,10000,
Thực phẩm và Bánh Trái,P1G120124184,10k-Poca Gà Quay 65g 7x10,Gói,POCA,10000,
Thực phẩm và Bánh Trái,P1M120135175,10k-Poca Mực Lăn 65g 7x10,Gói,POCA,10000,
Thực phẩm và Bánh Trái,P1P120501194,10k-Poca Phồng 60g 7x10,Gói,POCA,10000,
Thực phẩm và Bánh Trái,P1Q120137184,10k-Poca Que BBQ 70g 8x5,Gói,POCA,10000,
Thực phẩm và Bánh Trái,P1T102135177,10k-Poca Tôm Nướng 65g 8x5,Gói,POCA,10000,
Thực phẩm và Bánh Trái,Q121504183,Bánh yến mạch Quaker Nho 270gx12g,Gói,POCA,73000,
Thực phẩm và Bánh Trái,Q121505183,Bánh yến mạch Quaker Socola 270gx12g,Gói,POCA,73000,
Thực phẩm và Bánh Trái,Q121506183,Bánh yến mạch Quaker Hạnh Nhân 270gx12g,Gói,POCA,73000,
Hàng hóa,RC1,NRC Campax Chanh 400ml 24/4-25,Chai,ABA,14000,
Hàng hóa,RC3,NRC Campax Chanh 750ml 12/2-10,Chai,ABA,24000,
Hàng hóa,RC5,"NRC Campax Chanh 1,5 kg 12%",Chai,ABA,43000,
Hàng hóa,RE1,Lăn ReLik nữ Hồng 50ml 6/1,Chai,ABA,36000,
Hàng hóa,RE2,Lăn ReLik nữ Vàng 50ml 3/1,Chai,ABA,40000,
Hàng hóa,RE3,Lăn ReLik nữ Hồng 25ml 6/1,Chai,ABA,24000,
Chăm sóc gia đình,S100849031,SIMPLE Nước Tẩy Trang Micellar Water 200ML,Chai,DKSH,167000,
Hàng hóa,SDE12,ST Dây E100 Vàng 60/15,Dây,ABA,6000,
Hàng hóa,SDE31,ST Dây E100 Hồng 60/15,Dây,ABA,6000,
Hàng hóa,SDE51,ST Dây E100 Trắng 60/15,Dây,ABA,6000,
Hàng hóa,SDE71,ST Dây E100 Witchi 60/15,Dây,ABA,6000,
Hàng hóa,SDE91,ST Dây E100 Dermyl Cô gái 60/15,Dây,ABA,6000,
Thực phẩm và Bánh Trái,SN119G,Bánh sữa ngô 149g,Gói,ONE ONE,20000,
Hàng hóa,SRM1,SRM E100 Bò 80ml 6/1,Tuýp,ABA,29000,
Hàng hóa,SRM10,SRM E100 nghệ 100ml  6/1,Tuýp,ABA,41000,
Hàng hóa,SRM12,SRM E100 dưa leo 6/1,Tuýp,ABA,30000,
Hàng hóa,SRM3,SRM E100 nghệ 50ml 6/1,Tuýp,ABA,27000,
Hàng hóa,SRM5,SRM E100 Bò 50ml 6/1,Tuýp,ABA,21000,
Hàng hóa,SRM7,SRM E100 Nha Đam 100ml 6/1,Tuýp,ABA,30000,
Hàng hóa,SRM9,SRM E100 nghệ hạt 80ml 6 -5,Tuýp,ABA,42000,
Hàng hóa,SRMB,SRM Bi lá,Tuýp,ABA,16000,
Hàng hóa,ST11,ST HH 1.100ml 5/1,Chai,ABA,93000,
Hàng hóa,ST800HS,ST E100 800ml Hồng 6/1,Chai,ABA,94000,
Hàng hóa,ST800TS,ST E100 800ml Trắng 6/1,Chai,ABA,94000,
Hàng hóa,ST800VS,ST E100 800ml Vàng 6/1,Chai,ABA,94000,
Hàng hóa,STE1L21,ST E100 1200ml Hồng 5/1,Chai,ABA,109000,
Hàng hóa,STE1L22,ST E100 1200ml Trắng 5/1,Chai,ABA,109000,
Hàng hóa,STE1L23,ST E100 1200ml Vàng 5/1,Chai,ABA,109000,
Chăm sóc gia đình,U100810932,XBC CAMAY Classic Hồng 125G,Cục,DKSH,14000,
Chăm sóc gia đình,U100810933,XBC CAMAY Chic Đen 125G,Cục,DKSH,14000,
Chăm sóc gia đình,U100810934,XBC CAMAY Naturel Trắng 125G,Cục,DKSH,14000,
Chăm sóc gia đình,U100931314,Monsavon ST Sữa&Vani 1L,Chai,DKSH,177000,
Chăm sóc gia đình,U101097698,XBC Lux Xanh Aqua 80G ,Cục,DKSH,10000,
Chăm sóc gia đình,U101097699,XBC Lux Hồng Soft 80G ,Cục,DKSH,10000,
Chăm sóc gia đình,U101097750,XBC Lux Tím Magical 80G ,Cục,DKSH,10000,
Chăm sóc gia đình,U101097751,XBC Lux Trang Velvet 80G ,Cục,DKSH,10000,
Chăm sóc gia đình,U101117234,GEL TAM H. HOA HONG CAMAY PARIS 500ML,Chai,DKSH,102000,
Chăm sóc gia đình,U101117235,GEL TAM H. OAI HUONG CAMAY PARIS 500ML,Chai,DKSH,102000,
Chăm sóc gia đình,U101117236,GEL TAM CAMAY 500ML+XBC,Chai,DKSH,89000,
Chăm sóc gia đình,U101117237,Dầu gội Lux 450g,Chai,DKSH,156000,
Chăm sóc gia đình,V100873909,Vaseline Dưỡng Môi Hồng xinh 7G,Hũ,DKSH,73000,
Chăm sóc gia đình,V100873910,Vaseline Dưỡng Môi Mềm mịn 7G,Hũ,DKSH,73000,
Chăm sóc gia đình,V100873911,Vaseline Dưỡng Môi Ngọt ngào 7G,Hũ,DKSH,73000,
Chăm sóc gia đình,V100891414,Vaseline Sáp dưỡng ẩm 50ml,Hũ,DKSH,50000,
Chăm sóc gia đình,V100891415,Vaseline Sap Duong Am 100ml,Hũ,DKSH,83000,
Chăm sóc gia đình,V100932526,Vaseline Dưỡng Môi Mềm Mịn 4.8g,Cây,DKSH,57000,
Chăm sóc gia đình,V100932527,Vaseline Dưỡng môi hồng xinh 4.8g,Cây,DKSH,57000,
Chăm sóc gia đình,V100932528,Vaseline Dưỡng môi Lô hội 4.8g,Cây,DKSH,57000,
Chăm sóc gia đình,V100932529,Vaseline Dưỡng môi Cacao 4.8g,Cây,DKSH,57000,
Thực phẩm và Bánh Trái,VBD22,VNM Bịch Dâux48x220,Thùng,SI,362000,
Thực phẩm và Bánh Trái,VBĐ22,VNM Bịch Đường x48x220,Thùng,SI,362000,
Thực phẩm và Bánh Trái,VBK22,VNM Bịch K Đường x48x220,Thùng,SI,362000,
Thực phẩm và Bánh Trái,VBS22,VNM Bịch Socolax48x220,Thùng,SI,362000,
Thực phẩm và Bánh Trái,VH11,VNM Hộp Đường nhỏ 48x110ml,Thùng,SI,250000,
Thực phẩm và Bánh Trái,VH22,VNM Hộp Đường 48x180,Thùng,SI,390000,
Thực phẩm và Bánh Trái,VHD22,VNM Hộp Dâux48x180,Thùng,SI,390000,
Thực phẩm và Bánh Trái,VPN380,VNM sữa đặc phương nam 380g,Thùng,SI,494000,
Thực phẩm và Bánh Trái,VPNL,VNM Phương Nam Lon x48,Thùng,SI,1034000,
Hàng hóa,WD2,ST Wando 200ml 6/1,Chai,ABA,43000,
Hàng hóa,WD5,ST Wando 500ml 6/1,Chai,ABA,86000,
Hàng hóa,Y100886129,Hộp quà yến 6 hộp 42ml,Hộp,,498000,
Chăm sóc gia đình,Y101072549,Cốt gà BRAND'S 42ml 6x12x72,Lốc 6,DKSH,162000,
Chăm sóc gia đình,Y101072563,Nước yến BRAND'S có đường 42ml 6x8x48,Lốc 6,DKSH,493000,
Chăm sóc gia đình,Y101072565,Nước yến BRAND'S có đường 70ml 6x8x48,Lốc 6,DKSH,750000,
Chăm sóc gia đình,Y101072567,Nước yến BRAND'S k đường 42ml,Lốc 6,DKSH,493000,
Chăm sóc gia đình,Y101072569,Nước yến BRAND'S k đường 70ml,Lốc 6,DKSH,750000,
Chăm sóc gia đình,Y101106269,Bộ 2 Nước cốt gà BRAND'S 42mlx6,Bộ,DKSH,178000,
Chăm sóc gia đình,Y101106340,Bộ 2 nước cốt gà BRAND'S 70mlx6,Bộ,DKSH,271000,
Chăm sóc gia đình,Y101106342,Nuoc cot ga Brand's Choco 70ml,Lốc 6,DKSH,238000,
Thực phẩm và Bánh Trái,YM180D,Sữa Yomost Dâu 180mlx48h,Thùng,SI,345000,
Chăm sóc gia đình,Z100363564,Zonrox Tẩy Xanh lá-Chanh 1L,Chai,DKSH,17000,
Chăm sóc gia đình,Z100363565,Zonrox Tẩy Hồng-Hoa cỏ 1L,Chai,DKSH,17000,
Chăm sóc gia đình,Z100363566,Zonrox Tẩy Xanh Dương-Thiên nhiên 1L,Chai,DKSH,17000,
Chăm sóc gia đình,Z101099386,Aptamil 2-900g,Lon,DKSH,764000,
Số dòng = 794,,,,,,