post_title,ID,sku,stock,regular_price,sale_price,width,stock_status,images,tax:product_type,tax:product_visibility,tax:product_cat,tax:product_tag,tax:product_shipping_class,tax:op_product_notes,tax:styler_product_brands,attribute:pa_color,attribute_data:pa_color,attribute:pa_pattern,attribute_data:pa_pattern,attribute:pa_sizes,attribute_data:pa_sizes
"Gạo A AN An Lành, túi 10kg",6488,GT.ANLANH.S.10A,,146600,,,instock,"https://minhkhue.vn/wp-content/uploads/2023/07/Gao-An-Lanh-tui-10kg-1.jpg ! alt :  ! title : Gạo An Lành, túi 10kg ! desc :  ! caption :  | https://minhkhue.vn/wp-content/uploads/2023/07/Gao-An-Lanh-tui-10kg1.jpg ! alt :  ! title : Gạo An Lành, túi 10kg1 ! desc :  ! caption : ",simple,,Thực phẩm,Gạo A AN An Lành|túi 10kg,,,,,,,,,
"Gạo A AN Đài Thơm, túi 05kg",6489,GT.DT8.S.05B,,80600,,,instock,"https://minhkhue.vn/wp-content/uploads/2023/07/Gao-Dai-Thom-tui-05kg1.webp ! alt :  ! title : Gạo Đài Thơm, túi 05kg1 ! desc :  ! caption :  | https://minhkhue.vn/wp-content/uploads/2023/07/Gao-Dai-Thom-tui-05kg-2.jpg ! alt :  ! title : Gạo Đài Thơm, túi 05kg ! desc :  ! caption :  | https://minhkhue.vn/wp-content/uploads/2023/07/Gao-Dai-Thom-tui-05kg2.jpg ! alt :  ! title : Gạo Đài Thơm, túi 05kg2 ! desc :  ! caption : ",simple,,Thực phẩm,Gạo A AN Đài Thơm|túi 05kg,,,,,,,,,
"Gạo A AN Đài Thơm, túi 10kg",6490,GT.DT8.S.10A,,150000,,,instock,"https://minhkhue.vn/wp-content/uploads/2023/07/Gao-Dai-Thom-tui-10kg.png ! alt :  ! title : Gạo Đài Thơm, túi 10kg ! desc :  ! caption : ",simple,,Thực phẩm,Gạo A AN Đài Thơm|túi 10kg,,,,,,,,,
"Gạo A AN Japonica, túi 05kg",6491,GT.JAPO.S.05B,,98000,,,instock,"https://minhkhue.vn/wp-content/uploads/2023/07/Gao-Japonica-tui-05kg1.webp ! alt :  ! title : Gạo Japonica, túi 05kg1 ! desc :  ! caption :  | https://minhkhue.vn/wp-content/uploads/2023/07/Gao-Japonica-tui-05kg2.jpg ! alt :  ! title : Gạo Japonica, túi 05kg2 ! desc :  ! caption :  | https://minhkhue.vn/wp-content/uploads/2023/07/Gao-Japonica-tui-05kg.jpg ! alt :  ! title : Gạo Japonica, túi 05kg ! desc :  ! caption : ",simple,,Thực phẩm,Gạo A AN Japonica|túi 05kg,,,,,,,,,
"Gạo A AN ST21, túi 05kg",6492,GT.ST21.S.05D,,96200,,,instock,https://minhkhue.vn/wp-content/uploads/2023/07/st212.png ! alt :  ! title : st212 ! desc :  ! caption :  | https://minhkhue.vn/wp-content/uploads/2023/07/st21.jpg ! alt :  ! title : st21 ! desc :  ! caption : ,simple,,Thực phẩm,,,,,,,,,,
"Gạo A AN ST24, túi 05kg",6493,GT.ST24.S.05C,,114400,,,instock,"https://minhkhue.vn/wp-content/uploads/2023/07/st241.jpg ! alt :  ! title : st241 ! desc :  ! caption :  | https://minhkhue.vn/wp-content/uploads/2023/07/st24.jpg ! alt :  ! title : st24 ! desc :  ! caption :  | https://minhkhue.vn/wp-content/uploads/2023/07/Gao-ST24-tui-05kg-1.jpg ! alt :  ! title : Gạo ST24, túi 05kg ! desc :  ! caption : ",simple,,Thực phẩm,,,,,,,,,,
"Gạo A AN ST25, túi 05kg",6494,GT.ST25.S.05C,,129500,,,instock,https://minhkhue.vn/wp-content/uploads/2023/07/Gao-ST25-tui-05kg2.jpg ! alt :  ! title : Gạo ST25 túi 05kg2 ! desc :  ! caption :  | https://minhkhue.vn/wp-content/uploads/2023/07/Gao-ST25-tui-05kg.webp ! alt :  ! title : Gạo ST25 túi 05kg ! desc :  ! caption :  | https://minhkhue.vn/wp-content/uploads/2023/07/Gao-ST25-tui-05kg.jpg ! alt :  ! title : Gạo ST25 túi 05kg ! desc :  ! caption : ,simple,,Thực phẩm,Gạo A AN ST25|túi 05kg,,,,,,,,,
"Gạo A AN ST25 lúa tôm, túi 05kg",6495,GT.ST25T.S.05B,,155000,,,instock,"https://minhkhue.vn/wp-content/uploads/2023/07/Gao-ST25-lua-tom-tui-05kg1.jpg ! alt :  ! title : Gạo ST25 lúa tôm, túi 05kg1 ! desc :  ! caption :  | https://minhkhue.vn/wp-content/uploads/2023/07/Gao-ST25-lua-tom-tui-05kg.webp ! alt :  ! title : Gạo ST25 lúa tôm, túi 05kg ! desc :  ! caption : ",simple,,Thực phẩm,Gạo A AN ST25 lúa tôm|túi 05kg,,,,,,,,,
"Bột giặt nhiệt Aba 1,15kg",6496,A11,,46000,,,instock,"https://minhkhue.vn/wp-content/uploads/2023/07/Bot-giat-Aba-15-kgx9-goi.jpg ! alt :  ! title : Bột giặt Aba 1,5 kgx9 gói ! desc :  ! caption : ",simple,,Chăm sóc nhà cửa,,,,,,,,,,
Bột giặt nhiệt Aba 2 kg,6497,A2,,78000,,,instock,https://minhkhue.vn/wp-content/uploads/2023/07/a2k.jpg ! alt :  ! title : a2k ! desc :  ! caption : ,simple,,Chăm sóc nhà cửa,,,,,,,,,,
Bột giặt nhiệt Aba Junco 2.6kg,6498,A26,,114000,,,instock,https://minhkhue.vn/wp-content/uploads/2023/07/a26.webp ! alt :  ! title : a26 ! desc :  ! caption : ,simple,,Chăm sóc nhà cửa,,,,,,,,,,
Bột giặt nhiệt Aba 2.9kg,6499,A29,,114000,,,instock,https://minhkhue.vn/wp-content/uploads/2023/07/a29.png ! alt :  ! title : a29 ! desc :  ! caption : ,simple,,Chăm sóc nhà cửa,,,,,,,,,,
Bột giặt nhiệt Aba 2.9kg (giặt máy),6500,A291,,109000,,,instock,https://minhkhue.vn/wp-content/uploads/2023/07/a29-giat-may.jpg ! alt :  ! title : a29 giặt máy ! desc :  ! caption : ,simple,,Chăm sóc nhà cửa,,,,,,,,,,
Bột giặt nhiệt Aba Nước Hoa 350gr,6501,A350,,17000,,,instock,https://minhkhue.vn/wp-content/uploads/2023/07/a360.webp ! alt :  ! title : a360 ! desc :  ! caption : ,simple,,Chăm sóc nhà cửa,,,,,,,,,,
Bột giặt nhiệt Aba 380gr,6502,A380,,17000,,,instock,https://minhkhue.vn/wp-content/uploads/2023/07/a400g.jpg ! alt :  ! title : a400g ! desc :  ! caption : ,simple,,Chăm sóc nhà cửa,,,,,,,,,,
Bột giặt nhiệt Aba Nước Hoa 4kg,6503,A4,,151000,,,instock,"https://minhkhue.vn/wp-content/uploads/2023/07/Aba-NH-41kg.webp ! alt :  ! title : Aba NH 4,1kg ! desc :  ! caption : ",simple,,Chăm sóc nhà cửa,,,,,,,,,,
"Bột giặt nhiệt Aba 4,3 kg",6504,A43,,151000,,,instock,"https://minhkhue.vn/wp-content/uploads/2023/07/Aba-45-kg.webp ! alt :  ! title : Aba 4,5 kg ! desc :  ! caption : ",simple,,Chăm sóc nhà cửa,,,,,,,,,,
"Bột giặt nhiệt Aba Junco 5,3 kg",6505,A53,,201000,,,instock,"https://minhkhue.vn/wp-content/uploads/2023/07/Aba-55-kg-1.jpg ! alt :  ! title : Aba 5,5 kg ! desc :  ! caption : ",simple,,Chăm sóc nhà cửa,,,,,,,,,,
Bột giặt nhiệt Aba 5.7kg,6506,A57,,201000,,,instock,https://minhkhue.vn/wp-content/uploads/2023/07/Aba-6kg.jpg ! alt :  ! title : Aba 6kg ! desc :  ! caption : ,simple,,Chăm sóc nhà cửa,,,,,,,,,,
Bột giặt nhiệt Aba Nước Hoa 700gr,6507,A700,,33000,,,instock,https://minhkhue.vn/wp-content/uploads/2023/07/a700-1.webp ! alt :  ! title : a700 ! desc :  ! caption : ,simple,,Chăm sóc nhà cửa,,,,,,,,,,
Bột giặt nhiệt Aba 770gr,6508,A770,,33000,,,instock,https://minhkhue.vn/wp-content/uploads/2023/07/a770.jpg ! alt :  ! title : a770 ! desc :  ! caption : ,simple,,Chăm sóc nhà cửa,,,,,,,,,,
Nước giặt Aba Hồng 1.9kg,6509,AN19H,,87000,,,instock,https://minhkhue.vn/wp-content/uploads/2023/07/a19-hong.jpg ! alt :  ! title : a19 hong ! desc :  ! caption : ,simple,,Chăm sóc nhà cửa,,,,,,,,,,
Nước giặt Aba Vàng 1.9kg,6510,AN19V,,87000,,,instock,https://minhkhue.vn/wp-content/uploads/2023/07/A1.9.jpg ! alt :  ! title : A1.9 ! desc :  ! caption : ,simple,,Chăm sóc nhà cửa,,,,,,,,,,
Nước giặt Aba Matic 2.75L Đỏ,6511,AN27,,112000,,,instock,https://minhkhue.vn/wp-content/uploads/2023/07/a27-do-2.jpg ! alt :  ! title : a27 đỏ ! desc :  ! caption : ,simple,,Chăm sóc nhà cửa,,,,,,,,,,
Nước giặt Aba Matic 2.75L Xanh,6512,AN271,,112000,,,instock,https://minhkhue.vn/wp-content/uploads/2023/07/ab27-1.jpg ! alt :  ! title : ab27 ! desc :  ! caption : ,simple,,Chăm sóc nhà cửa,,,,,,,,,,
Nước giặt Aba Vàng 3.6kg,6513,AN36,,146000,,,instock,https://minhkhue.vn/wp-content/uploads/2023/07/Tui-nuoc-giat-Aba-Vang-3.6kg-1.jpg ! alt :  ! title : Túi nước giặt Aba Vàng 3.6kg ! desc :  ! caption : ,simple,,Chăm sóc nhà cửa,,,,,,,,,,
Nước giặt Aba Hồng 3.6kg,6514,AN36H,,146000,,,instock,https://minhkhue.vn/wp-content/uploads/2023/07/Tui-nuoc-giat-Aba-Hong-3.6kg-1.jpg ! alt :  ! title : Túi nước giặt Aba Hồng 3.6kg ! desc :  ! caption : ,simple,,Chăm sóc nhà cửa,,,,,,,,,,
Bột giặt Binky 2kg,6515,BK2,,50000,,,instock,https://minhkhue.vn/wp-content/uploads/2023/07/bk2.jpg ! alt :  ! title : bk2 ! desc :  ! caption : ,simple,,Chăm sóc nhà cửa,,,,,,,,,,
Nước giặt Binky Hồng 2.3L,6516,BK23,,71000,,,instock,https://minhkhue.vn/wp-content/uploads/2023/07/bk23H.jpg ! alt :  ! title : bk23H ! desc :  ! caption : ,simple,,Chăm sóc nhà cửa,,,,,,,,,,
Nước giặt Binky Xanh 2.3L,6517,BK231,,71000,,,instock,https://minhkhue.vn/wp-content/uploads/2023/07/Nuoc-giat-Binky-Xanh-2.3L.webp ! alt :  ! title : Nước giặt Binky Xanh 2.3L ! desc :  ! caption : ,simple,,Chăm sóc nhà cửa,,,,,,,,,,
Nước giặt Binky 3.1L Hồng,6518,BK311,,90000,,,instock,https://minhkhue.vn/wp-content/uploads/2023/07/BK31H.jpg ! alt :  ! title : BK31H ! desc :  ! caption : ,simple,,Chăm sóc nhà cửa,,,,,,,,,,
Nước giặt Binky 3.1L Xanh,6519,BK312,,90000,,,instock,https://minhkhue.vn/wp-content/uploads/2023/07/BK31x.jpg ! alt :  ! title : BK31x ! desc :  ! caption : ,simple,,Chăm sóc nhà cửa,,,,,,,,,,
Nước giặt Binky 3.3kg Hồng,6520,BK33H,,108000,,,instock,https://minhkhue.vn/wp-content/uploads/2023/07/bk33H.jpg ! alt :  ! title : bk33H ! desc :  ! caption : ,simple,,Chăm sóc nhà cửa,,,,,,,,,,
Nước giặt Binky 3.3kg Xanh,6521,BK33X,,108000,,,instock,https://minhkhue.vn/wp-content/uploads/2023/07/bk33x.jpg ! alt :  ! title : bk33x ! desc :  ! caption : ,simple,,Chăm sóc nhà cửa,,,,,,,,,,
Bột giặt Binky 4.3kg,6522,BK43,,106000,,,instock,https://minhkhue.vn/wp-content/uploads/2023/07/bk43.jpg ! alt :  ! title : bk43 ! desc :  ! caption : ,simple,,Chăm sóc nhà cửa,,,,,,,,,,
Bột giặt Binky 520g,6523,BK520,,14000,,,instock,https://minhkhue.vn/wp-content/uploads/2023/07/bk520-1.jpg ! alt :  ! title : bk520 ! desc :  ! caption :  | https://minhkhue.vn/wp-content/uploads/2023/07/bk520.jpg ! alt :  ! title : bk520 ! desc :  ! caption : ,simple,,Chăm sóc nhà cửa,,,,,,,,,,
Bột giặt Binky 5.7kg,6524,BK57,,136000,,,instock,https://minhkhue.vn/wp-content/uploads/2023/07/bk57-1.jpg ! alt :  ! title : bk57 ! desc :  ! caption :  | https://minhkhue.vn/wp-content/uploads/2023/07/bk57.jpg ! alt :  ! title : bk57 ! desc :  ! caption : ,simple,,Chăm sóc nhà cửa,,,,,,,,,,
Kem Biona Nghệ,6525,EBNGH,,14000,,,instock,https://minhkhue.vn/wp-content/uploads/2023/07/kem-biona-nghe.jpg ! alt :  ! title : kem biona nghệ ! desc :  ! caption : ,simple,,Mỹ phẩm,,,,,,,,,,
Kem bôi da Kentax 10%,6526,EKEN,,9000,,,instock,,simple,,Mỹ phẩm,,,,,,,,,,
Keo lột E100 lớn,6527,ELOT,,18000,,,instock,,simple,,Mỹ phẩm,,,,,,,,,,
Kem E100 Nghệ,6528,EMUN,,14000,,,instock,,simple,,Mỹ phẩm,,,,,,,,,,
Kem bôi da Tomax,6529,ETOM,,8000,,,instock,,simple,,Mỹ phẩm,,,,,,,,,,
Nước xả vải Junco 800ml Xanh Dương,6530,JUNC82,,48000,,,instock,https://minhkhue.vn/wp-content/uploads/2023/07/Nuoc-xa-vai-Junco-800ml-Xanh-Duong.jpg ! alt :  ! title : Nước xả vải Junco 800ml Xanh Dương ! desc :  ! caption : ,simple,,Chăm sóc nhà cửa,,,,,,,,,,
Nước xả vải Junco 800ml Đen,6531,JUNC83,,48000,,,instock,https://minhkhue.vn/wp-content/uploads/2023/07/Nuoc-xa-vai-Junco-800ml-DEN.jpg ! alt :  ! title : Nước xả vải Junco 800ml DEN ! desc :  ! caption : ,simple,,Chăm sóc nhà cửa,,,,,,,,,,
Nước xả vải Junco Hồng 800ml,6532,JUNT4,,45000,,,instock,https://minhkhue.vn/wp-content/uploads/2023/07/XA-800h.jpg ! alt :  ! title : XA 800h ! desc :  ! caption : ,simple,,Chăm sóc nhà cửa,,,,,,,,,,
Kem đánh răng Doreen Trà xanh 200gr,6533,KDR1,,25000,,,instock,https://minhkhue.vn/wp-content/uploads/2023/07/Kem-danh-rang-Doreen-Tra-xanh-200gr.webp ! alt :  ! title : Kem đánh răng Doreen Trà xanh 200gr ! desc :  ! caption : ,simple,,Chăm sóc nhà cửa,,,,,,,,,,
Kem đánh răng Doreen Xanh Ngọc 200gr,6534,KDR7,,18000,,,instock,https://minhkhue.vn/wp-content/uploads/2023/07/kdr-XN.jpg ! alt :  ! title : kdr XN ! desc :  ! caption : ,simple,,Chăm sóc nhà cửa,,,,,,,,,,
Kem đánh răng Doreen Tinh thể Băng 180g,6535,KDR8,,25000,,,instock,https://minhkhue.vn/wp-content/uploads/2023/07/ttb-1.jpg ! alt :  ! title : ttb ! desc :  ! caption : ,simple,,Chăm sóc nhà cửa,,,,,,,,,,
Nước rửa chén Campax Chanh 400ml,6536,RC1,,13700,,,instock,https://minhkhue.vn/wp-content/uploads/2023/07/rc400.jpg ! alt :  ! title : rc400 ! desc :  ! caption : ,simple,,Chăm sóc nhà cửa,,,,,,,,,,
Nước rửa chén Campax Chanh 750ml,6537,RC3,,23100,,,instock,https://minhkhue.vn/wp-content/uploads/2023/07/rc400-1.jpg ! alt :  ! title : rc400 ! desc :  ! caption : ,simple,,Chăm sóc nhà cửa,,,,,,,,,,
Sữa Rửa Mặt Bio-essence Vàng 24K Ngăn Ngừa Lão Hoá 100g Bio-gold Radiance Cleanser,6538,3921018,,147000,,,instock,https://minhkhue.vn/wp-content/uploads/2023/07/Sua-Rua-Mat-Bio-Gold.jpg ! alt :  ! title : Sữa Rửa Mặt Bio Gold.... ! desc :  ! caption :  | https://minhkhue.vn/wp-content/uploads/2023/07/Sua-Rua-Mat-Gold-2.jpg ! alt :  ! title : 金萃煥膚潔面霜EDM ! desc :  ! caption :  | https://minhkhue.vn/wp-content/uploads/2023/07/Sua-Rua-Mat-Gold-3.jpg ! alt :  ! title : 金萃煥膚潔面霜EDM ! desc :  ! caption :  | https://minhkhue.vn/wp-content/uploads/2023/07/Sua-Rua-Mat-Gold-4.jpg ! alt :  ! title : Sửa Rửa Mặt Gold 4 ! desc :  ! caption :  | https://minhkhue.vn/wp-content/uploads/2023/07/Sua-Rua-Mat-Gold-5.jpg ! alt :  ! title : Sửa Rửa Mặt Gold 5 ! desc :  ! caption :  | https://minhkhue.vn/wp-content/uploads/2023/07/Sua-Rua-Mat-Gold.jpg ! alt :  ! title : 金萃煥膚潔面霜EDM ! desc :  ! caption : ,simple,,Mỹ phẩm,,,,,,,,,,
Sữa Rửa Mặt Bio-essence Cho Da Dầu & Hỗn Hợp 100g Bio-Essence Renew Foamy Cleanser,6539,3921020,,157000,,,instock,https://minhkhue.vn/wp-content/uploads/2023/07/SUA-RUA-MAT-DA-DAU.jpg ! alt :  ! title : SỬA RỬA MẶT DA DẦU ! desc :  ! caption :  | https://minhkhue.vn/wp-content/uploads/2023/07/SRM-da-dau-1.webp ! alt :  ! title : SRM da dầu 1 ! desc :  ! caption :  | https://minhkhue.vn/wp-content/uploads/2023/07/SRM-Da-dau-4.jpeg ! alt :  ! title : SRM Da dau 4 ! desc :  ! caption :  | https://minhkhue.vn/wp-content/uploads/2023/07/SRM-da-dau.png ! alt :  ! title : SRM da dầu ! desc :  ! caption : ,simple,,Mỹ phẩm,,,,,,,,,,
Sữa Rửa Mặt Bio-essence Từ Sữa Ong Chúa Cho Da Khô 100g Bio-Essence Renew Deep Cleanser,6540,3921021,,157000,,,instock,https://minhkhue.vn/wp-content/uploads/2023/07/SUA-RUA-MA-DA-KHO.png ! alt :  ! title : SỬA RỬA MẶ DA KHÔ ! desc :  ! caption :  | https://minhkhue.vn/wp-content/uploads/2023/07/SRM-da-kho-1.png ! alt :  ! title : SRM da khô 1 ! desc :  ! caption :  | https://minhkhue.vn/wp-content/uploads/2023/07/SRM-da-kho-3.jpg ! alt :  ! title : SRM da kho 3 ! desc :  ! caption : ,simple,,Mỹ phẩm,,,,,,,,,,
Gel Tẩy Tế Bào Chết Bio-essence Dưỡng Da Tươi Trẻ 60g Bio-Essence Renew Exfoliating Gel,6541,3921022,,279000,,,instock,https://minhkhue.vn/wp-content/uploads/2023/07/Tay-TBC.png ! alt :  ! title : Tẩy TBC ! desc :  ! caption :  | https://minhkhue.vn/wp-content/uploads/2023/07/Tay-TBC-1.jpeg ! alt :  ! title : Tay TBC 1 ! desc :  ! caption :  | https://minhkhue.vn/wp-content/uploads/2023/07/Tay-TBC-1.png ! alt :  ! title : Tẩy TBC 1 ! desc :  ! caption :  | https://minhkhue.vn/wp-content/uploads/2023/07/Tay-TBC-3.jpeg ! alt :  ! title : Tay TBC 3 ! desc :  ! caption :  | https://minhkhue.vn/wp-content/uploads/2023/07/tay-TBC-4.jpg ! alt :  ! title : tay TBC 4 ! desc :  ! caption : ,simple,,Mỹ phẩm,,,,,,,,,,
Sữa Rửa Mặt Bio-essence Dưỡng Da Tươi Sáng Căng Mọng 100g Bio Bird’s Nest Collagen Cleanser,6542,3921024,,160000,,,instock,https://minhkhue.vn/wp-content/uploads/2023/07/Sua-Rua-mat-Birds-Nest-1.jpg ! alt :  ! title : Sửa Rửa mặt Bird's Nest 1 ! desc :  ! caption :  | https://minhkhue.vn/wp-content/uploads/2023/07/SRM-birds.jpg ! alt :  ! title : SRM bird's ! desc :  ! caption :  | https://minhkhue.vn/wp-content/uploads/2023/07/Sua-Rua-Mat-Bidrs-Nest.jpg ! alt :  ! title : Sửa Rửa Mặt Bidr's Nest ! desc :  ! caption :  | https://minhkhue.vn/wp-content/uploads/2023/07/Sua-Rua-Mat-Birds-Nest-2.jpg ! alt :  ! title : Sửa Rửa Mặt Bird's Nest 2 ! desc :  ! caption :  | https://minhkhue.vn/wp-content/uploads/2023/07/Sua-Rua-Mat-Bidrs-Nest-1.jpg ! alt :  ! title : Sửa Rửa Mặt Bidr's Nest ! desc :  ! caption :  | https://minhkhue.vn/wp-content/uploads/2023/07/SRM-birds-Copy.jpg ! alt :  ! title : SRM bird's - Copy ! desc :  ! caption : ,simple,,Mỹ phẩm,,,,,,,,,,
Sữa Rửa Mặt Bio-essence Tạo Bọt Cấp Ẩm Làm Dịu Da 100g Bio Water B5 Foamy Cleanser,6543,3921026,,148000,,,instock,https://minhkhue.vn/wp-content/uploads/2023/07/Sua-Rua-Mat-Water-B5.jpg ! alt :  ! title : Sửa Rữa Mặt Water B5 ! desc :  ! caption :  | https://minhkhue.vn/wp-content/uploads/2023/07/SRM-B5-1.webp ! alt :  ! title : SRM B5 1 ! desc :  ! caption :  | https://minhkhue.vn/wp-content/uploads/2023/07/SRM-B5-2.webp ! alt :  ! title : SRM B5 2 ! desc :  ! caption :  | https://minhkhue.vn/wp-content/uploads/2023/07/SRM-B5-3.jpg ! alt :  ! title : SRM B5 3 ! desc :  ! caption :  | https://minhkhue.vn/wp-content/uploads/2023/07/SRM-B5-30G.jpg ! alt :  ! title : SRM B5 30G ! desc :  ! caption : ,simple,,Mỹ phẩm,,,,,,,,,,
Sữa Rửa Mặt Bio-essence Dưỡng Sáng Da 100g Bio-White Pro Whitening Cleanser,6544,3921028,,157000,,,instock,https://minhkhue.vn/wp-content/uploads/2023/07/Sua-Rua-Mat-Pro-White-100g.jpg ! alt :  ! title : Sửa Rửa Mặt Pro White 100g...... ! desc :  ! caption :  | https://minhkhue.vn/wp-content/uploads/2023/07/Sua-Rua-Mat-Pro-White-shopee.jpg ! alt :  ! title : Sửa Rửa Mặt Pro White - shopee ! desc :  ! caption :  | https://minhkhue.vn/wp-content/uploads/2023/07/Sua-Rua-Mat-Pro-White-100g-2.jpg ! alt :  ! title : Sửa Rửa Mặt Pro White 100g 2 ! desc :  ! caption :  | https://minhkhue.vn/wp-content/uploads/2023/07/Sua-Rua-Mat-Pro-White-100g-1.jpg ! alt :  ! title : Sửa Rửa Mặt Pro White 100g... ! desc :  ! caption :  | https://minhkhue.vn/wp-content/uploads/2023/07/Sua-Rua-Mat-Pro-White-100g-3.jpg ! alt :  ! title : Sửa Rửa Mặt Pro White 100g ! desc :  ! caption : ,simple,,Mỹ phẩm,,,,,,,,,,
Tinh Chất Bio-essence Sữa Ong Chúa Dưỡng Da Tươi Trẻ 40ml Bio-Renew Royal Jelly Radiant Youth Facial Oil,6545,3937011,,449000,,,instock,https://minhkhue.vn/wp-content/uploads/2023/07/Tinh-Chat-Renew-1.png ! alt :  ! title : Tinh Chất Renew ! desc :  ! caption :  | https://minhkhue.vn/wp-content/uploads/2023/07/Tinh-Chat-Renew.png ! alt :  ! title : Tinh Chất Renew ! desc :  ! caption :  | https://minhkhue.vn/wp-content/uploads/2023/07/tinh-chat-RN-1.jpg ! alt :  ! title : tinh chat RN 1 ! desc :  ! caption :  | https://minhkhue.vn/wp-content/uploads/2023/07/tinh-chat-RN-4.jpeg ! alt :  ! title : tinh chat RN 4 ! desc :  ! caption :  | https://minhkhue.vn/wp-content/uploads/2023/07/tinh-chat-1.png ! alt :  ! title : tinh chất 1 ! desc :  ! caption :  | https://minhkhue.vn/wp-content/uploads/2023/07/tinh-chat-2.png ! alt :  ! title : tinh chat 2 ! desc :  ! caption : ,simple,,Mỹ phẩm,,,,,,,,,,
Serum Bio-essence Dưỡng Da Tươi Sáng Căng Mọng 30g Bio Bird'S Nest Collagen 1000 Essence,6546,3937012,,429000,,,instock,https://minhkhue.vn/wp-content/uploads/2023/07/Tinh-Chat-Birds-Nest-2.jpg ! alt :  ! title : Tinh Chất Bird's Nest 2 ! desc :  ! caption :  | https://minhkhue.vn/wp-content/uploads/2023/07/Tinh-Chat-Birda-Nest-3.jpg ! alt :  ! title : Tinh Chất Bird'a Nest 3 ! desc :  ! caption :  | https://minhkhue.vn/wp-content/uploads/2023/07/Tinh-Chat-Birds-4.jpg ! alt :  ! title : Tinh Chất Bird's 4 ! desc :  ! caption :  | https://minhkhue.vn/wp-content/uploads/2023/07/Tinh-Chat-Birds-Nest-1.jpg ! alt :  ! title : Tinh Chất Bird's Nest 1 ! desc :  ! caption :  | https://minhkhue.vn/wp-content/uploads/2023/07/Tinh-Chat-Birds-Nest-3.jpg ! alt :  ! title : Tinh Chất Bird's Nest 3 ! desc :  ! caption :  | https://minhkhue.vn/wp-content/uploads/2023/07/Tinh-Chat-Birds-Nest.jpg ! alt :  ! title : Tinh Chất Bird's Nest ! desc :  ! caption : ,simple,,Mỹ phẩm,,,,,,,,,,
"Serum Bio-essence Dưỡng Ẩm, Phục Hồi Da 30ml Bio Water Vitamin B5 Gel",6547,3937013,,594000,,,instock,https://minhkhue.vn/wp-content/uploads/2023/07/Tinh-chat-Water-B5.jpg ! alt :  ! title : Tinh chất Water B5 ! desc :  ! caption :  | https://minhkhue.vn/wp-content/uploads/2023/07/tinh-chat-b5-1.webp ! alt :  ! title : tinh chất b5 1 ! desc :  ! caption :  | https://minhkhue.vn/wp-content/uploads/2023/07/tinh-chat-b5-2.jpg ! alt :  ! title : tinh chất b5 2 ! desc :  ! caption :  | https://minhkhue.vn/wp-content/uploads/2023/07/tinh-chat-b5-3.jpg ! alt :  ! title : tinh chất b5 3 ! desc :  ! caption :  | https://minhkhue.vn/wp-content/uploads/2023/07/tinh-chat-b5-4.jpg ! alt :  ! title : tinh chất b5 4 ! desc :  ! caption :  | https://minhkhue.vn/wp-content/uploads/2023/07/tinh-chat-water-1.webp ! alt :  ! title : tinh chat water 1 ! desc :  ! caption :  | https://minhkhue.vn/wp-content/uploads/2023/07/tinh-chat-water-2.jpg ! alt :  ! title : tinh chat water 2 ! desc :  ! caption :  | https://minhkhue.vn/wp-content/uploads/2023/07/tinh-chat-water-3.webp ! alt :  ! title : tinh chat water 3 ! desc :  ! caption :  | https://minhkhue.vn/wp-content/uploads/2023/07/tinh-chat-water-4.jpg ! alt :  ! title : tinh chat water 4 ! desc :  ! caption :  | https://minhkhue.vn/wp-content/uploads/2023/07/tinh-chat-water-5.jpg ! alt :  ! title : tinh chat water 5 ! desc :  ! caption : ,simple,,Mỹ phẩm,,,,,,,,,,
Serum Bio-essence 2 Trong 1 Ngăn Ngừa Lão Hóa 36g Golden Ratio Double Serum,6548,3937016,,539000,,,instock,https://minhkhue.vn/wp-content/uploads/2023/07/tinh-chat-bio-essence-2-trong-1-ngan-ngua-lao-hoa-36g-3.jpg ! alt :  ! title : tinh-chat-bio-essence-2-trong-1-ngan-ngua-lao-hoa-36g-3 ! desc :  ! caption : ,simple,,Mỹ phẩm,,,,,,,,,,
Serum Bio-essence Dưỡng Sáng Da Chuyên Sâu 30ml Bio-White Pro Whitening Super Serum,6549,3937017,,552000,,,instock,https://minhkhue.vn/wp-content/uploads/2023/07/Tinh-Chat-Pro-White-8.jpg ! alt :  ! title : Tinh Chất Pro White ! desc :  ! caption :  | https://minhkhue.vn/wp-content/uploads/2023/07/Tinh-Chat-Pro-White-4.jpg ! alt :  ! title : Tinh Chất Pro White... ! desc :  ! caption :  | https://minhkhue.vn/wp-content/uploads/2023/07/Tinh-Chat-Pro-White.jpg ! alt :  ! title : Tinh Chất Pro White....... ! desc :  ! caption :  | https://minhkhue.vn/wp-content/uploads/2023/07/Tinh-Chat-Pro-White-7.jpg ! alt :  ! title : Tinh Chất Pro White 7 ! desc :  ! caption :  | https://minhkhue.vn/wp-content/uploads/2023/07/Tinh-Chat-Pro-White-6.jpg ! alt :  ! title : Tinh Chất Pro White 6 ! desc :  ! caption :  | https://minhkhue.vn/wp-content/uploads/2023/07/Tinh-Chat-Pro-White-5.jpg ! alt :  ! title : Tinh Chất Pro White 5 ! desc :  ! caption :  | https://minhkhue.vn/wp-content/uploads/2023/07/Tinh-Chat-Pro-White-1.jpg ! alt :  ! title : Tinh Chất Pro White 1 ! desc :  ! caption :  | https://minhkhue.vn/wp-content/uploads/2023/07/tinh-chat-Pro-White-4.png ! alt :  ! title : tinh chất Pro White 4 ! desc :  ! caption :  | https://minhkhue.vn/wp-content/uploads/2023/07/Tinh-chat-Pro-White-3.jpg ! alt :  ! title : Tinh chất Pro White 3 ! desc :  ! caption :  | https://minhkhue.vn/wp-content/uploads/2023/07/Tinh-Chat-Pro-White-2.jpg ! alt :  ! title : Tinh Chất Pro White 2 ! desc :  ! caption : ,simple,,Mỹ phẩm,,,,,,,,,,
Nước Dưỡng Bio-essence Vàng 24K Ngừa Lão Hoá Da 150ml Bio-Essence Gold Water,6550,3938007,,423000,,,instock,https://minhkhue.vn/wp-content/uploads/2023/07/NUOC-DUONG-GOLD-150ML.jpg ! alt :  ! title : NƯỚC DƯỠNG GOLD 150ML ! desc :  ! caption :  | https://minhkhue.vn/wp-content/uploads/2023/07/NUOC-DUONG-GOLD-150ML-1.jpg ! alt :  ! title : NƯỚC DƯỠNG GOLD 150ML 1 ! desc :  ! caption :  | https://minhkhue.vn/wp-content/uploads/2023/07/NUOC-DUONG-GOLD-150ML-2.jpg ! alt :  ! title : NƯỚC DƯỠNG GOLD 150ML 2 ! desc :  ! caption :  | https://minhkhue.vn/wp-content/uploads/2023/07/NUOC-DUONG-GOLD-150ML-3.jpeg ! alt :  ! title : NƯỚC DƯỠNG GOLD 150ML 3 ! desc :  ! caption :  | https://minhkhue.vn/wp-content/uploads/2023/07/NUOC-DUONG-GOLD-150ML-4.jpeg ! alt :  ! title : NƯỚC DƯỠNG GOLD 150ML 4 ! desc :  ! caption :  | https://minhkhue.vn/wp-content/uploads/2023/07/Review-Dong-Gold-1.jpg ! alt :  ! title : Review Dòng Gold 1 ! desc :  ! caption : ,simple,,Mỹ phẩm,,,,,,,,,,
Toner Bio-essence Dưỡng Da Tươi Trẻ 100ml Bio-Renew Nourishing Toner,6551,3938010,,292000,,,instock,https://minhkhue.vn/wp-content/uploads/2023/07/toner-4.png ! alt :  ! title : toner 4 ! desc :  ! caption :  | https://minhkhue.vn/wp-content/uploads/2023/07/NUOC-CAN-BANG-RENEW.jpg ! alt :  ! title : NƯỚC CÂN BẰNG RENEW. ! desc :  ! caption :  | https://minhkhue.vn/wp-content/uploads/2023/07/toner-1.png ! alt :  ! title : toner 1 ! desc :  ! caption :  | https://minhkhue.vn/wp-content/uploads/2023/07/toner-2.png ! alt :  ! title : toner 2 ! desc :  ! caption :  | https://minhkhue.vn/wp-content/uploads/2023/07/toner-3.png ! alt :  ! title : toner 3 ! desc :  ! caption :  | https://minhkhue.vn/wp-content/uploads/2023/07/toner-6.jpg ! alt :  ! title : toner 6 ! desc :  ! caption :  | https://minhkhue.vn/wp-content/uploads/2023/07/toner-8.jpg ! alt :  ! title : toner 8 ! desc :  ! caption : ,simple,,Mỹ phẩm,,,,,,,,,,
Nước Xịt Khoáng Bio-essence Dưỡng Da Ẩm Mượt Mịn Màng 300ml Bio-Water Energizing Water,6552,3938011,,320500,,,instock,https://minhkhue.vn/wp-content/uploads/2023/07/xit-khoang-300ml.jpg ! alt :  ! title : xịt khoáng 300ml ! desc :  ! caption :  | https://minhkhue.vn/wp-content/uploads/2023/07/xit-khoang-4.jpg ! alt :  ! title : xit khoang 4 ! desc :  ! caption :  | https://minhkhue.vn/wp-content/uploads/2023/07/xit-khoang-3.webp ! alt :  ! title : xit khoang 3 ! desc :  ! caption :  | https://minhkhue.vn/wp-content/uploads/2023/07/xit-khoang-2.webp ! alt :  ! title : xit khoang 2 ! desc :  ! caption :  | https://minhkhue.vn/wp-content/uploads/2023/07/Xit-khoang-1.jpg ! alt :  ! title : Xit khoang 1 ! desc :  ! caption : ,simple,,Mỹ phẩm,,,,,,,,,,
Nước Xịt Khoáng Bio-essence Dưỡng Da Ẩm Mượt Mịn Màng 100ml Bio-Water Energizing Water,6553,3938012,,150500,,,instock,https://minhkhue.vn/wp-content/uploads/2023/07/xit-khoang-100ml-1.jpg ! alt :  ! title : xit khoang 100ml 1 ! desc :  ! caption :  | https://minhkhue.vn/wp-content/uploads/2023/07/xit-khoang-4-1.jpg ! alt :  ! title : xit khoang 4 ! desc :  ! caption :  | https://minhkhue.vn/wp-content/uploads/2023/07/xit-khoang-3-1.webp ! alt :  ! title : xit khoang 3 ! desc :  ! caption :  | https://minhkhue.vn/wp-content/uploads/2023/07/xit-khoang-2-1.webp ! alt :  ! title : xit khoang 2 ! desc :  ! caption :  | https://minhkhue.vn/wp-content/uploads/2023/07/Xit-khoang-1-1.jpg ! alt :  ! title : Xit khoang 1 ! desc :  ! caption :  | https://minhkhue.vn/wp-content/uploads/2023/07/Xit-Khoang-100ml.png ! alt :  ! title : Xịt Khoáng 100ml ! desc :  ! caption : ,simple,,Mỹ phẩm,,,,,,,,,,
Nước Tẩy Trang Bio-essence Không Cồn Sạch Sâu Da 100ml Bio-Essence Water Micellar Water,6554,3938014,,87500,,,instock,https://minhkhue.vn/wp-content/uploads/2023/07/Tay-Trang-400ml.jpg ! alt :  ! title : Tẩy Trang 400ml ! desc :  ! caption :  | https://minhkhue.vn/wp-content/uploads/2023/07/Tay-trang-1-1.jpg ! alt :  ! title : Tay trang 1 ! desc :  ! caption :  | https://minhkhue.vn/wp-content/uploads/2023/07/Tay-trang-2-1.jpeg ! alt :  ! title : Tay trang 2 ! desc :  ! caption :  | https://minhkhue.vn/wp-content/uploads/2023/07/tay-trang-3-1.jpg ! alt :  ! title : tay trang 3 ! desc :  ! caption :  | https://minhkhue.vn/wp-content/uploads/2023/07/Tay-trang-4-1.jpg ! alt :  ! title : Tay trang 4 ! desc :  ! caption :  | https://minhkhue.vn/wp-content/uploads/2023/07/Tay-trang-5.webp ! alt :  ! title : Tay trang 5 ! desc :  ! caption :  | https://minhkhue.vn/wp-content/uploads/2023/07/Tay-trang-6.jpg ! alt :  ! title : Tay trang 6 ! desc :  ! caption : ,simple,,Mỹ phẩm,,,,,,,,,,
Nước Tẩy Trang Bio-essence Không Cồn Sạch Sâu Da 400ml Bio-Essence Water Micellar Water,6555,3938015,,280000,,,instock,https://minhkhue.vn/wp-content/uploads/2023/07/Tay-trang-4.jpg ! alt :  ! title : Tay trang 4 ! desc :  ! caption :  | https://minhkhue.vn/wp-content/uploads/2023/07/Chong-Nang-Water-B5-1.jpg ! alt :  ! title : Chống Nắng Water B5 ! desc :  ! caption :  | https://minhkhue.vn/wp-content/uploads/2023/07/Tay-trang-1.jpg ! alt :  ! title : Tay trang 1 ! desc :  ! caption :  | https://minhkhue.vn/wp-content/uploads/2023/07/Tay-trang-2.jpeg ! alt :  ! title : Tay trang 2 ! desc :  ! caption :  | https://minhkhue.vn/wp-content/uploads/2023/07/tay-trang-3.jpg ! alt :  ! title : tay trang 3 ! desc :  ! caption : ,simple,,Mỹ phẩm,,,,,,,,,,
Toner Bio-essence Dưỡng Tươi Sáng Căng Mọng 100ml Bio Bird’s Nest Collagen Skin Enhancer,6556,3938017,,396000,,,instock,https://minhkhue.vn/wp-content/uploads/2023/07/Nuoc-Can-Bang-Birds-Nest-5.jpg ! alt :  ! title : Nước Cân Bằng Bird's Nest 5 ! desc :  ! caption :  | https://minhkhue.vn/wp-content/uploads/2023/07/Nuoc-Can-Bang-Birds-Nest-1.png ! alt :  ! title : Nước Cân Bằng Bird's Nest 1 ! desc :  ! caption :  | https://minhkhue.vn/wp-content/uploads/2023/07/Nuoc-Can-Bang-Birds-Nest-2.jpg ! alt :  ! title : Nước Cân Bằng Bird's Nest 2 ! desc :  ! caption :  | https://minhkhue.vn/wp-content/uploads/2023/07/Nuoc-Can-Bang-Birds-Nest-3.jpg ! alt :  ! title : Nước Cân Bằng Bird's Nest 3 ! desc :  ! caption :  | https://minhkhue.vn/wp-content/uploads/2023/07/Nuoc-Can-Bang-Birds-Nest-4.jpg ! alt :  ! title : Nước Cân Bằng Bird's Nest 4 ! desc :  ! caption :  | https://minhkhue.vn/wp-content/uploads/2023/07/Nuoc-Can-Bang-Birds-Nest.jpg ! alt :  ! title : Nước Cân Bằng Bird's Nest ! desc :  ! caption : ,simple,,Mỹ phẩm,,,,,,,,,,
Kem Dưỡng Bio-essence Vàng 24K Ngừa Lão Hóa Ban Ngày 40g Bio-Gold Day Cream SPF25,6557,3939015,,490000,,,instock,https://minhkhue.vn/wp-content/uploads/2023/07/Kem-Gold-Ngay.jpg ! alt :  ! title : Kem Gold Ngày ! desc :  ! caption :  | https://minhkhue.vn/wp-content/uploads/2023/07/Kem-Gold-Ngay-Dem.png ! alt :  ! title : Kem Gold Ngày - Đêm ! desc :  ! caption :  | https://minhkhue.vn/wp-content/uploads/2023/07/Kem-Gold-Ngay-1.jpg ! alt :  ! title : Kem Gold Ngày 1 ! desc :  ! caption :  | https://minhkhue.vn/wp-content/uploads/2023/07/Kem-Gold-Ngay-2.jpg ! alt :  ! title : Kem Gold Ngày 2 ! desc :  ! caption :  | https://minhkhue.vn/wp-content/uploads/2023/07/Kem-Gold-Ngay-3.jpg ! alt :  ! title : Kem Gold Ngày 3 ! desc :  ! caption :  | https://minhkhue.vn/wp-content/uploads/2023/07/Kem-Gold-Ngay-4.jpeg ! alt :  ! title : Kem Gold Ngày 4 ! desc :  ! caption : ,simple,,Mỹ phẩm,,,,,,,,,,
Kem Dưỡng Bio-essence Vàng 24K Ngừa Lão Hóa Ban Đêm 40g Bio-Essence Gold Night Cream,6558,3939016,,490000,,,instock,https://minhkhue.vn/wp-content/uploads/2023/07/Kem-Gold-Dem.jpg ! alt :  ! title : Kem Gold Đêm ! desc :  ! caption :  | https://minhkhue.vn/wp-content/uploads/2023/07/Cong-Nghe-Gold.jpg ! alt :  ! title : Công Nghệ Gold ! desc :  ! caption :  | https://minhkhue.vn/wp-content/uploads/2023/07/Kem-Gold-Dem-1.jpg ! alt :  ! title : Kem Gold Đêm 1 ! desc :  ! caption :  | https://minhkhue.vn/wp-content/uploads/2023/07/Kem-Gold-Dem-2.jpg ! alt :  ! title : Kem Gold Đêm 2 ! desc :  ! caption :  | https://minhkhue.vn/wp-content/uploads/2023/07/Kem-Gold-Dem-3.jpg ! alt :  ! title : Kem Gold Đêm 3 ! desc :  ! caption :  | https://minhkhue.vn/wp-content/uploads/2023/07/Kem-Gold-Dem-4.jpg ! alt :  ! title : Kem Gold Đêm 4 ! desc :  ! caption :  | https://minhkhue.vn/wp-content/uploads/2023/07/Kem-Gold-Ngay-Dem-1.png ! alt :  ! title : Kem Gold Ngày - Đêm ! desc :  ! caption : ,simple,,Mỹ phẩm,,,,,,,,,,
"Kem Dưỡng Bio-essence Hỗ Trợ Nâng Cơ, Săn Chắc Da 45g Bio-Vlift Face Lifting Cream",6559,3939021,,494000,,,instock,https://minhkhue.vn/wp-content/uploads/2023/07/Kem-V2.jpg ! alt :  ! title : Kem V2 ! desc :  ! caption :  | https://minhkhue.vn/wp-content/uploads/2023/07/kem-V-1.png ! alt :  ! title : kem V 1 ! desc :  ! caption :  | https://minhkhue.vn/wp-content/uploads/2023/07/Kem-V-3.jpg ! alt :  ! title : Kem V 3 ! desc :  ! caption :  | https://minhkhue.vn/wp-content/uploads/2023/07/Kem-V.jpg ! alt :  ! title : Kem V.. ! desc :  ! caption :  | https://minhkhue.vn/wp-content/uploads/2023/07/Kem-V4.jpg ! alt :  ! title : Kem V4 ! desc :  ! caption :  | https://minhkhue.vn/wp-content/uploads/2023/07/Kem-V5.jpg ! alt :  ! title : Kem V5 ! desc :  ! caption :  | https://minhkhue.vn/wp-content/uploads/2023/07/Kem-V6.jpg ! alt :  ! title : Kem V6 ! desc :  ! caption : ,simple,,Mỹ phẩm,,,,,,,,,,
Kem Dưỡng Bio-essence Dưỡng Da Tươi Sáng Căng Mọng 50g Bio Bird’S Nest Collagen Essence Cream,6560,3939022,,404000,,,instock,https://minhkhue.vn/wp-content/uploads/2023/07/Kem-Duong-Birds-Nest.jpg ! alt :  ! title : Kem Dưỡng Bird's Nest ! desc :  ! caption :  | https://minhkhue.vn/wp-content/uploads/2023/07/Birds-Nest.jpg ! alt :  ! title : Bird's Nest ! desc :  ! caption :  | https://minhkhue.vn/wp-content/uploads/2023/07/Kem-Duong-Na-Ngu-2.jpg ! alt :  ! title : Kem Dưỡng - Nạ Ngủ 2 ! desc :  ! caption :  | https://minhkhue.vn/wp-content/uploads/2023/07/Kem-Duong-Birds-Nest-1.jpg ! alt :  ! title : Kem Dưỡng Bird's Nest 1 ! desc :  ! caption :  | https://minhkhue.vn/wp-content/uploads/2023/07/Kem-Duong-Birds-Nest-2.jpg ! alt :  ! title : Kem Dưỡng Bird's Nest 2 ! desc :  ! caption : ,simple,,Mỹ phẩm,,,,,,,,,,
"Kem Dưỡng Bio-essence Cấp Ẩm Sâu, Ngăn Bụi Bẩn 50g Bio Water Moist-In Water Gel",6561,3939023,,414000,,,instock,https://minhkhue.vn/wp-content/uploads/2023/07/Kem-Duong-Water-B5.jpg ! alt :  ! title : Kem Dưỡng Water B5 ! desc :  ! caption :  | https://minhkhue.vn/wp-content/uploads/2023/07/kem-duong-B5-1.webp ! alt :  ! title : kem dưỡng B5 1 ! desc :  ! caption :  | https://minhkhue.vn/wp-content/uploads/2023/07/Kem-duong-B5-2.webp ! alt :  ! title : Kem dưỡng B5 2 ! desc :  ! caption :  | https://minhkhue.vn/wp-content/uploads/2023/07/Kem-duong-b5-3.jpg ! alt :  ! title : Kem dưỡng b5 3 ! desc :  ! caption :  | https://minhkhue.vn/wp-content/uploads/2023/07/Kem-duong-B5-4.jpg ! alt :  ! title : Kem dưỡng B5 4 ! desc :  ! caption :  | https://minhkhue.vn/wp-content/uploads/2023/07/Kem-duong-B5-5.jpg ! alt :  ! title : Kem dưỡng B5 5 ! desc :  ! caption :  | https://minhkhue.vn/wp-content/uploads/2023/07/Kem-duong-B5-6.jpg ! alt :  ! title : Kem dưỡng B5 6 ! desc :  ! caption :  | https://minhkhue.vn/wp-content/uploads/2023/07/Kem-duong-B5-7.webp ! alt :  ! title : Kem dưỡng B5 7 ! desc :  ! caption : ,simple,,Mỹ phẩm,,,,,,,,,,
Kem Dưỡng Bio-essence Làm Sáng Da Ban Ngày 50g Bio-White Pro Whitening Day Cream SPF20 PA++,6562,3939024,,431000,,,instock,https://minhkhue.vn/wp-content/uploads/2023/07/Kem-Ngay-Pro-White-3.jpg ! alt :  ! title : Kem Ngày Pro White 3 ! desc :  ! caption :  | https://minhkhue.vn/wp-content/uploads/2023/07/kem-Ngay-Dem-Pro-White-2.jpg ! alt :  ! title : kem Ngày - Đêm Pro White 2 ! desc :  ! caption :  | https://minhkhue.vn/wp-content/uploads/2023/07/Kem-Ngay-Pro-White-1.jpg ! alt :  ! title : Kem Ngày Pro White 1 ! desc :  ! caption :  | https://minhkhue.vn/wp-content/uploads/2023/07/Kem-Ngay-Pro-White-2.jpg ! alt :  ! title : Kem Ngày Pro White 2 ! desc :  ! caption :  | https://minhkhue.vn/wp-content/uploads/2023/07/Kem-Ngay-Pro-White.jpg ! alt :  ! title : Kem Ngày Pro White ! desc :  ! caption : ,simple,,Mỹ phẩm,,,,,,,,,,
Kem Dưỡng Bio-essence Làm Sáng Da Ban Đêm 50g Bio-White Pro Whitening Night Cream,6563,3939025,,431000,,,instock,https://minhkhue.vn/wp-content/uploads/2023/07/Kem-Dem-Pro-White.jpg ! alt :  ! title : Kem Đêm Pro White ! desc :  ! caption :  | https://minhkhue.vn/wp-content/uploads/2023/07/Kem-Dem-Pro-White-2.jpg ! alt :  ! title : Kem Đêm Pro White 2 ! desc :  ! caption :  | https://minhkhue.vn/wp-content/uploads/2023/07/Kem-Dem-Pro-White-3.jpg ! alt :  ! title : Kem Đêm Pro White 3 ! desc :  ! caption :  | https://minhkhue.vn/wp-content/uploads/2023/07/kem-Ngay-Dem-Pro-White-2-1.jpg ! alt :  ! title : kem Ngày - Đêm Pro White 2 ! desc :  ! caption : ,simple,,Mỹ phẩm,,,,,,,,,,
Kem Dưỡng Bio-essence Làm Giảm Đốm Nâu & Sáng Da 25g Bio-White Pro Whitening Spot Corrector,6564,3939026,,225000,,,instock,https://minhkhue.vn/wp-content/uploads/2023/07/Spot-Pro-White-2.jpg ! alt :  ! title : Spot Pro White 2 ! desc :  ! caption :  | https://minhkhue.vn/wp-content/uploads/2023/07/Spot-Pro-White-3.jpg ! alt :  ! title : Spot Pro White 3 ! desc :  ! caption :  | https://minhkhue.vn/wp-content/uploads/2023/07/Spot-Pro-White-4.jpg ! alt :  ! title : Spot Pro White 4 ! desc :  ! caption :  | https://minhkhue.vn/wp-content/uploads/2023/07/Spot-Pro-White-5.jpg ! alt :  ! title : Spot Pro White 5 ! desc :  ! caption :  | https://minhkhue.vn/wp-content/uploads/2023/07/Spot-Pro-White.jpg ! alt :  ! title : Spot Pro White ! desc :  ! caption : ,simple,,Mỹ phẩm,,,,,,,,,,
Kem Chống Nắng Bio-essence Dưỡng Sáng Da SPF50+ PA+++ 40g Bio-White Pro Whitening Sunscreen,6565,3939027,,224000,,,instock,https://minhkhue.vn/wp-content/uploads/2023/07/Chong-Nang-Pro-White-3.jpg ! alt :  ! title : Chống Nắng Pro White 3 ! desc :  ! caption :  | https://minhkhue.vn/wp-content/uploads/2023/07/Chong-Nang-Pro-White-1.jpg ! alt :  ! title : Chống Nắng Pro White 1 ! desc :  ! caption :  | https://minhkhue.vn/wp-content/uploads/2023/07/Chong-Nang-Pro-White-2.jpg ! alt :  ! title : Chống Nắng Pro White 2 ! desc :  ! caption :  | https://minhkhue.vn/wp-content/uploads/2023/07/Chong-Nang-Pro-White.jpg ! alt :  ! title : Chống Nắng Pro White ! desc :  ! caption : ,simple,,Mỹ phẩm,,,,,,,,,,
Mặt Nạ Bio-essence Chiết Xuất Tảo Biển 20ml Bio Skin Water-Full Mask,6566,3940005,,26500,,,instock,https://minhkhue.vn/wp-content/uploads/2023/07/Mat-Na-Duong-Am.jpg ! alt :  ! title : Mặt nạ dưỡng ẩm Bio Essence ! desc :  ! caption : Mặt nạ dưỡng ẩm Bio Essence | https://minhkhue.vn/wp-content/uploads/2023/07/images-1.jpg ! alt :  ! title : images (1) ! desc :  ! caption :  | https://minhkhue.vn/wp-content/uploads/2023/07/images-2.jpg ! alt :  ! title : images (2) ! desc :  ! caption :  | https://minhkhue.vn/wp-content/uploads/2023/07/images-3.jpg ! alt :  ! title : images (3) ! desc :  ! caption : ,simple,,Mỹ phẩm,,,,,,,,,,
Mặt Nạ Bio-essence Chiết Xuất Trái Thanh Yên 20ml Bio Skin Brighten-Up Mask,6567,3940006,,26500,,,instock,https://minhkhue.vn/wp-content/uploads/2023/07/download-9.jpg ! alt :  ! title : download (9) ! desc :  ! caption :  | https://minhkhue.vn/wp-content/uploads/2023/07/download-8.jpg ! alt :  ! title : download (8) ! desc :  ! caption : ,simple,,Mỹ phẩm,,,,,,,,,,
Mặt Nạ Bio-essence Mẫu Đơn Hoàng Cung 20ml Bio Treasure Skin Soothing Mask,6568,3940007,,26500,,,instock,https://minhkhue.vn/wp-content/uploads/2023/07/Mat-Na-Tre-Hoa.jpg ! alt :  ! title : Mặt nạ dưỡng trẻ hóa Bio Essence ! desc :  ! caption : Mặt nạ dưỡng trẻ hóa Bio Essence | https://minhkhue.vn/wp-content/uploads/2023/07/images.jpg ! alt :  ! title : images ! desc :  ! caption : ,simple,,Mỹ phẩm,,,,,,,,,,
Mặt Nạ Ngủ Bio-essence Dưỡng Da Tươi Sáng Căng Mọng 50g Bio Bird’S Nest Collagen Night Mask,6569,3940011,,449000,,,instock,https://minhkhue.vn/wp-content/uploads/2023/07/Na-Ngu-Birds-Nest-3.png ! alt :  ! title : Nạ Ngủ Bird's Nest 3 ! desc :  ! caption :  | https://minhkhue.vn/wp-content/uploads/2023/07/Kem-Duong-Na-Ngu-Birds-Nest.jpg ! alt :  ! title : Kem Dưỡng - Nạ Ngủ Bird's Nest ! desc :  ! caption :  | https://minhkhue.vn/wp-content/uploads/2023/07/Na-Ngu-Birds-Nest-1.jpg ! alt :  ! title : Nạ Ngủ Bird's Nest 1 ! desc :  ! caption :  | https://minhkhue.vn/wp-content/uploads/2023/07/Na-Ngu-Birds-Nest-2.jpg ! alt :  ! title : Nạ Ngủ Bird's Nest 2 ! desc :  ! caption :  | https://minhkhue.vn/wp-content/uploads/2023/07/Na-Ngu-Birds-Nest-4.jpg ! alt :  ! title : Nạ Ngủ Bird's Nest 4 ! desc :  ! caption :  | https://minhkhue.vn/wp-content/uploads/2023/07/Na-Ngu-Birds-Nest.jpg ! alt :  ! title : Nạ Ngủ Bird's Nest ! desc :  ! caption : ,simple,,Mỹ phẩm,,,,,,,,,,
Mặt Nạ Bio-essence Tinh Chất Rau Má Phục Hồi Da 20ml Bio-Treasure Centella Asiatica Extract Intensive Repair Ampoule Mask,6570,3940013,,29500,,,instock,https://minhkhue.vn/wp-content/uploads/2023/07/Mat-Na-Rau-Ma.jpg ! alt :  ! title : Mặt Nạ Rau Má ! desc :  ! caption :  | https://minhkhue.vn/wp-content/uploads/2023/07/download-6.jpg ! alt :  ! title : download (6) ! desc :  ! caption :  | https://minhkhue.vn/wp-content/uploads/2023/07/mat-na-bio-essence-intensive-tre_7ccc46297ecb48aa932aa29e9e65b85a_grande.webp ! alt :  ! title : mat-na-bio-essence-intensive-tre_7ccc46297ecb48aa932aa29e9e65b85a_grande ! desc :  ! caption : ,simple,,Mỹ phẩm,,,,,,,,,,
Mặt Nạ Bio-essence Tinh Chất Vitamin C Sáng Da 20ml Bio-Treasure Vitamin C Intensive Glow Ampoule Mask,6571,3940015,,29500,,,instock,https://minhkhue.vn/wp-content/uploads/2023/07/mat-Na-Vitamin-C.jpg ! alt :  ! title : mặt Nạ Vitamin C ! desc :  ! caption :  | https://minhkhue.vn/wp-content/uploads/2023/07/download-2.jpg ! alt :  ! title : download (2) ! desc :  ! caption :  | https://minhkhue.vn/wp-content/uploads/2023/07/download-3.jpg ! alt :  ! title : download (3) ! desc :  ! caption :  | https://minhkhue.vn/wp-content/uploads/2023/07/download-4.jpg ! alt :  ! title : download (4) ! desc :  ! caption :  | https://minhkhue.vn/wp-content/uploads/2023/07/download-5.jpg ! alt :  ! title : download (5) ! desc :  ! caption :  | https://minhkhue.vn/wp-content/uploads/2023/07/download-7.jpg ! alt :  ! title : download (7) ! desc :  ! caption : ,simple,,Mỹ phẩm,,,,,,,,,,
"Mặt Nạ Bio-essence Vitamin B5 Dưỡng Ẩm, Phục Hồi Da 20ml Bio-Water B5 Ultra Hydrating Mask",6572,3940016,,30000,,,instock,https://minhkhue.vn/wp-content/uploads/2023/07/Mat-na-Water-B5.jpg ! alt :  ! title : Mặt nạ Water B5 ! desc :  ! caption :  | https://minhkhue.vn/wp-content/uploads/2023/07/download-1.jpg ! alt :  ! title : download (1) ! desc :  ! caption :  | https://minhkhue.vn/wp-content/uploads/2023/07/download.jpg ! alt :  ! title : download ! desc :  ! caption : ,simple,,Mỹ phẩm,,,,,,,,,,
Kem Chống Nắng Bio-essence Dưỡng Ẩm Da SPF50+/PA++ 40ml Bio-Water Hydrating Sunscreen SPF50+ PA++,6573,3941003,,215000,,,instock,https://minhkhue.vn/wp-content/uploads/2023/07/KCN-water-4.webp ! alt :  ! title : KCN water 4 ! desc :  ! caption :  | https://minhkhue.vn/wp-content/uploads/2023/07/Chong-Nang-Water-B5.jpg ! alt :  ! title : Chống Nắng Water B5 ! desc :  ! caption :  | https://minhkhue.vn/wp-content/uploads/2023/07/KCN-Water-1.webp ! alt :  ! title : KCN Water 1 ! desc :  ! caption :  | https://minhkhue.vn/wp-content/uploads/2023/07/KCN-water-2.jpg ! alt :  ! title : KCN water 2 ! desc :  ! caption :  | https://minhkhue.vn/wp-content/uploads/2023/07/KCN-water-3.webp ! alt :  ! title : KCN water 3 ! desc :  ! caption :  | https://minhkhue.vn/wp-content/uploads/2023/07/KCN-water-5.jpg ! alt :  ! title : KCN water 5 ! desc :  ! caption : ,simple,,Mỹ phẩm,,,,,,,,,,
Cà phê sữa hoà tan Wake up Sài Gòn bịch 24gói x 19gam,6574,08CF00451,,41000,,,instock,https://minhkhue.vn/wp-content/uploads/2023/07/ca-phe-wake-up-sai-gon-24goi-x-19gr.webp ! alt :  ! title : ca-phe-wake-up-sai-gon-24goi-x-19gr ! desc :  ! caption :  | https://minhkhue.vn/wp-content/uploads/2023/07/wakup-3.jpg ! alt :  ! title : wakup 3 ! desc :  ! caption :  | https://minhkhue.vn/wp-content/uploads/2023/07/wakup2.jpg ! alt :  ! title : wakup2 ! desc :  ! caption : ,simple,,Đồ uống - giải khát,,,,,,,,,,
Cà phê VCF 3in1 Gold Original 24gói x 20gr,6575,08CF00456,,58000,,,instock,https://minhkhue.vn/wp-content/uploads/2023/07/cf.jpg ! alt :  ! title : cf ! desc :  ! caption :  | https://minhkhue.vn/wp-content/uploads/2023/07/Ca-phe-VCF-3in1-Gold-Original-24goi-x-20gr1.jpg ! alt :  ! title : Cà phê VCF 3in1 Gold Original 24gói x 20gr1 ! desc :  ! caption : ,simple,,Đồ uống - giải khát,,,,,,,,,,
Sữa hạt ngũ cốc B'fast 20gói x 25gr,6576,09NC00096,,52000,,,instock,https://minhkhue.vn/wp-content/uploads/2023/07/Sua-hat-ngu-coc-Bfast-20goi-x-25gr1.jpg ! alt :  ! title : Sữa hạt ngũ cốc B'fast 20gói x 25gr1 ! desc :  ! caption :  | https://minhkhue.vn/wp-content/uploads/2023/07/Sua-hat-ngu-coc-Bfast-20goi-x-25gr2.jpg ! alt :  ! title : Sữa hạt ngũ cốc B'fast 20gói x 25gr2 ! desc :  ! caption :  | https://minhkhue.vn/wp-content/uploads/2023/07/Sua-hat-ngu-coc-Bfast-20goi-x-25gr.jpg ! alt :  ! title : Sữa hạt ngũ cốc B'fast 20gói x 25gr ! desc :  ! caption : ,simple,,Thực phẩm ăn liền,,,,,,,,,,
Bí Đao Lộc Phát Sương Sáo 500ml,6577,BDSS,,184000,,,instock,https://minhkhue.vn/wp-content/uploads/2023/07/Loc-Phat-Bi-Dao-Suong-Sao-500ml.png ! alt :  ! title : Lộc Phát- Bí Đao Sương Sáo 500ml ! desc :  ! caption :  | https://minhkhue.vn/wp-content/uploads/2023/07/Loc-Phat-Bi-Dao-Suong-Sao-500ml1.png ! alt :  ! title : Lộc Phát- Bí Đao Sương Sáo 500ml1 ! desc :  ! caption : ,simple,,Thực phẩm ăn liền,,,,,,,,,,
Cháo Lộc Phát Đậu Xanh Ly 24ly,6578,CĐXL,,166000,,,instock,https://minhkhue.vn/wp-content/uploads/2023/07/Loc-Phat-Chao-Dau-Xanh-Ly2.png ! alt :  ! title : Lộc Phát-Cháo Đậu Xanh Ly2 ! desc :  ! caption :  | https://minhkhue.vn/wp-content/uploads/2023/07/Loc-Phat-Chao-Dau-Xanh-Ly1.png ! alt :  ! title : Lộc Phát-Cháo Đậu Xanh Ly1 ! desc :  ! caption :  | https://minhkhue.vn/wp-content/uploads/2023/07/Loc-Phat-Chao-Dau-Xanh-Ly.jpg ! alt :  ! title : Lộc Phát-Cháo Đậu Xanh Ly ! desc :  ! caption : ,simple,,Thực phẩm ăn liền,,,,,,,,,,
Cháo Lộc Phát Sườn Hầm Đậu Xanh 50gói,6579,CĐXT,,260000,,,instock,https://minhkhue.vn/wp-content/uploads/2023/07/Loc-Phat-Chao-Suon-Ham-D.Xanh-goi.png ! alt :  ! title : Lộc Phát- Cháo Sườn Hầm Đ.Xanh gói ! desc :  ! caption :  | https://minhkhue.vn/wp-content/uploads/2023/07/Loc-Phat-Chao-Suon-Ham-D.Xanh-goi2.jpg ! alt :  ! title : Lộc Phát- Cháo Sườn Hầm Đ.Xanh gói2 ! desc :  ! caption :  | https://minhkhue.vn/wp-content/uploads/2023/07/Loc-Phat-Chao-Suon-Ham-D.Xanh-goi1.webp ! alt :  ! title : Lộc Phát- Cháo Sườn Hầm Đ.Xanh gói1 ! desc :  ! caption : ,simple,,Thực phẩm ăn liền,,,,,,,,,,
Cháo Lộc Phát YẾN KID IQ 30gói,6581,CKIDT,,207000,,,instock,https://minhkhue.vn/wp-content/uploads/2023/07/Loc-Phat-Chao-YEN-KID-IQ-30goi.jpg ! alt :  ! title : Lộc Phát- Cháo YẾN KID IQ 30gói ! desc :  ! caption :  | https://minhkhue.vn/wp-content/uploads/2023/07/Loc-Phat-Chao-YEN-KID-IQ-30goi1.jpg ! alt :  ! title : Lộc Phát- Cháo YẾN KID IQ 30gói1 ! desc :  ! caption : ,simple,,Thực phẩm ăn liền,,,,,,,,,,
Cháo Lộc Phát Thịt Bằm Ly 24Ly,6582,CTBL,,115000,,,instock,https://minhkhue.vn/wp-content/uploads/2023/07/Loc-Phat-Chao-Thit-Bam-Ly.png ! alt :  ! title : Lộc Phát-Cháo Thịt Bằm Ly ! desc :  ! caption :  | https://minhkhue.vn/wp-content/uploads/2023/07/Loc-Phat-Chao-Thit-Bam-Ly1.png ! alt :  ! title : Lộc Phát-Cháo Thịt Bằm Ly1 ! desc :  ! caption : ,simple,,Thực phẩm ăn liền,,,,,,,,,,
Cháo Lộc Phát yến chay nấm hương 30gói,6583,CYCT,,200000,,,instock,https://minhkhue.vn/wp-content/uploads/2023/07/Loc-Phat-Chao-yen-chay-nam-huong.png ! alt :  ! title : Lộc Phát- Cháo yến chay nấm hương ! desc :  ! caption :  | https://minhkhue.vn/wp-content/uploads/2023/07/Loc-Phat-Chao-yen-chay-nam-huong2.png ! alt :  ! title : Lộc Phát- Cháo yến chay nấm hương2 ! desc :  ! caption :  | https://minhkhue.vn/wp-content/uploads/2023/07/Loc-Phat-Chao-yen-chay-nam-huong1.png ! alt :  ! title : Lộc Phát- Cháo yến chay nấm hương1 ! desc :  ! caption : ,simple,,Thực phẩm ăn liền,,,,,,,,,,
Cháo Lộc Phát Yến Ly 24ly,6584,CYLTBT,,222000,,,instock,https://minhkhue.vn/wp-content/uploads/2023/07/Loc-Phat-Chao-Thit-Bam-Ly-24Ly1.jpg ! alt :  ! title : Lộc Phát-Cháo Thịt Bằm Ly 24Ly1 ! desc :  ! caption :  | https://minhkhue.vn/wp-content/uploads/2023/07/Loc-Phat-Chao-Thit-Bam-Ly-24Ly2.webp ! alt :  ! title : Lộc Phát-Cháo Thịt Bằm Ly 24Ly2 ! desc :  ! caption :  | https://minhkhue.vn/wp-content/uploads/2023/07/Loc-Phat-Chao-Thit-Bam-Ly-24Ly.jpg ! alt :  ! title : Lộc Phát-Cháo Thịt Bằm Ly 24Ly ! desc :  ! caption : ,simple,,Thực phẩm ăn liền,,,,,,,,,,
Cháo Lộc Phát Yến 30gói,6585,CYTBT1,,213000,,,instock,https://minhkhue.vn/wp-content/uploads/2023/07/Loc-Phat-Chao-Yen-30goi2.jpg ! alt :  ! title : Lộc Phát- Cháo Yến 30gói2 ! desc :  ! caption :  | https://minhkhue.vn/wp-content/uploads/2023/07/Loc-Phat-Chao-Yen-30goi1.jpg ! alt :  ! title : Lộc Phát- Cháo Yến 30gói1 ! desc :  ! caption :  | https://minhkhue.vn/wp-content/uploads/2023/07/Loc-Phat-Chao-Yen-30goi.jpeg ! alt :  ! title : Lộc Phát- Cháo Yến 30gói ! desc :  ! caption : ,simple,,Thực phẩm ăn liền,,,,,,,,,,
Nước Yến Lộc PhátNha đam 24chai,6586,NYNDT,,184000,,,instock,https://minhkhue.vn/wp-content/uploads/2023/07/Loc-Phat-Nuoc-Yen-Nha-dam-24chai2.png ! alt :  ! title : Lộc Phát-Nước Yến Nha đam 24chai2 ! desc :  ! caption :  | https://minhkhue.vn/wp-content/uploads/2023/07/Loc-Phat-Nuoc-Yen-Nha-dam-24chai1.png ! alt :  ! title : Lộc Phát-Nước Yến Nha đam 24chai1 ! desc :  ! caption :  | https://minhkhue.vn/wp-content/uploads/2023/07/Loc-Phat-Nuoc-Yen-Nha-dam-24chai.png ! alt :  ! title : Lộc Phát-Nước Yến Nha đam 24chai ! desc :  ! caption : ,simple,,Thực phẩm ăn liền,,,,,,,,,,
Trà Lộc Phát Bá Tước 415ml,6587,TBT415,,172000,,,instock,https://minhkhue.vn/wp-content/uploads/2023/07/Loc-Phat-Tra-Ba-Tuoc-415ml.png ! alt :  ! title : Lộc Phát-Trà Bá Tước 415ml ! desc :  ! caption :  | https://minhkhue.vn/wp-content/uploads/2023/07/Loc-Phat-Tra-Ba-Tuoc-415ml1.webp ! alt :  ! title : Lộc Phát-Trà Bá Tước 415ml1 ! desc :  ! caption : ,simple,,Thực phẩm ăn liền,,,,,,,,,,
Bánh gạo ICHI vị mật ong 100g (nhỏ),6588,I100G,,14000,,,instock,https://minhkhue.vn/wp-content/uploads/2023/07/ichi1.jpg ! alt :  ! title : ichi1 ! desc :  ! caption :  | https://minhkhue.vn/wp-content/uploads/2023/07/Banh-gao-ICHI-vi-mat-ong-100g-nho.jpg ! alt :  ! title : Bánh gạo ICHI vị mật ong 100g (nhỏ) ! desc :  ! caption : ,simple,,Bánh kẹo,,,,,,,,,,
Bánh gạo ICHI vị mật ong 140g,6589,I140G,,19000,,,instock,https://minhkhue.vn/wp-content/uploads/2023/07/Banh-gao-ICHI-vi-mat-ong-140g.jpg ! alt :  ! title : Bánh gạo ICHI vị mật ong 140g ! desc :  ! caption : ,simple,,Bánh kẹo,,,,,,,,,,
Bánh gạo ICHI vị mật ong 180g (lớn),6590,I180G,,24400,,,instock,https://minhkhue.vn/wp-content/uploads/2023/07/Banh-gao-ICHI-vi-mat-ong-180g-lon.jpg ! alt :  ! title : Bánh gạo ICHI vị mật ong 180g (lớn) ! desc :  ! caption :  | https://minhkhue.vn/wp-content/uploads/2023/07/ichi-lon.webp ! alt :  ! title : ichi lớn ! desc :  ! caption : ,simple,,Bánh kẹo,,,,,,,,,,
Bánh mặn One One vị Bò nướng 150g,6591,OB,,19200,,,instock,https://minhkhue.vn/wp-content/uploads/2023/07/Banh-man-One-One-vi-Bo-nuong-150g-nho-1.jpg ! alt :  ! title : Bánh mặn One One vị Bò nướng 150g (nhỏ) ! desc :  ! caption : ,simple,,Bánh kẹo,,,,,,,,,,
Bánh gạo One One tảo biển bạch tuộc 104g,6592,OB104,,15000,,,instock,https://minhkhue.vn/wp-content/uploads/2023/07/Banh-gao-One-One-tao-bien-bach-tuoc-104g.jpg ! alt :  ! title : Bánh gạo One One tảo biển bạch tuộc 104g ! desc :  ! caption : ,simple,,Bánh kẹo,,,,,,,,,,
Bánh mặn One One vị Pho mai Ngô 118g,6593,OM118G,,22500,,,instock,https://minhkhue.vn/wp-content/uploads/2023/07/Banh-man-One-One-vi-Pho-mai-Ngo-118g.jpg ! alt :  ! title : Bánh mặn One One vị Pho mai Ngô 118g ! desc :  ! caption : ,simple,,Bánh kẹo,,,,,,,,,,
Bánh gạo vị ngọt dịu One One gói 150g,6594,ON150,,15300,,,instock,https://minhkhue.vn/wp-content/uploads/2023/07/Banh-ngot-One-One-150g-nho.jpg ! alt :  ! title : Bánh ngọt One One 150g (nhỏ) ! desc :  ! caption : ,simple,,Bánh kẹo,Bánh gạo vị ngọt dịu One One gói 150g,,,,,,,,,
Bánh gạo vị ngọt dịu One One gói 230g,6595,ON230G,,20300,,,instock,https://minhkhue.vn/wp-content/uploads/2023/07/Banh-ngot-One-One-230g-lon.jpg ! alt :  ! title : Bánh ngọt One One 230g (lớn) ! desc :  ! caption : ,simple,,Bánh kẹo,Bánh gạo vị ngọt dịu One One gói 230g,,,,,,,,,
Bánh mặn One One vị tôm nướng 150gr,6596,OT,,19200,,,instock,https://minhkhue.vn/wp-content/uploads/2023/07/Banh-man-One-One-vi-Bo-nuong-150g-nho-1.jpg ! alt :  ! title : Bánh mặn One One vị Bò nướng 150g (nhỏ) ! desc :  ! caption : ,simple,,Bánh kẹo,Bánh mặn One One vị tôm nướng 150gr,,,,,,,,,
Bánh Gạo One One Phô Mai Sữa 118g,6597,PMS118G,,22500,,,instock,https://minhkhue.vn/wp-content/uploads/2023/07/Banh-Gao-One-One-Pho-Mai-Sua-118g.jpg ! alt :  ! title : Bánh Gạo One One Phô Mai Sữa 118g ! desc :  ! caption : ,simple,,Bánh kẹo,Bánh Gạo One One Phô Mai Sữa 118g,,,,,,,,,
Bánh One One sữa ngô 120g,6598,SN120G,,15300,,,instock,https://minhkhue.vn/wp-content/uploads/2023/07/Banh-One-One-sua-ngo-120g.jpg ! alt :  ! title : Bánh One One sữa ngô 120g ! desc :  ! caption : ,simple,,Bánh kẹo,,,,,,,,,,
Lays Bò nướng Texas 42g,6599,1B123039163,,10000,,,instock,https://minhkhue.vn/wp-content/uploads/2023/07/Lays-Bo-nuong-Texas-42g.jpg ! alt :  ! title : Lays Bò nướng Texas 42g ! desc :  ! caption : ,simple,,Bánh kẹo,,,,,,,,,,
Lays Gà cay Hàn Quốc 42g,6600,1G123048125,,10000,,,instock,https://minhkhue.vn/wp-content/uploads/2023/07/Lays-Ga-cay-Han-Quoc-42g.jpg ! alt :  ! title : Lays Gà cay Hàn Quốc 42g ! desc :  ! caption : ,simple,,Bánh kẹo,,,,,,,,,,
Lays Tôm hùm Trứng muối 42g,6601,1H123019163,,10000,,,instock,https://minhkhue.vn/wp-content/uploads/2023/07/Lays-Tom-hum-Trung-muoi-42g.jpg ! alt :  ! title : Lays Tôm hùm Trứng muối 42g ! desc :  ! caption : ,simple,,Bánh kẹo,,,,,,,,,,
Lays Kem hành 42g,6602,1K123052189,,10000,,,instock,https://minhkhue.vn/wp-content/uploads/2023/07/Lays-Kem-hanh-42g.jpg ! alt :  ! title : Lays Kem hành 42g ! desc :  ! caption : ,simple,,Bánh kẹo,,,,,,,,,,
Lays Phô mai x 42g,6603,1M123016163,,10000,,,instock,https://minhkhue.vn/wp-content/uploads/2023/07/6k-Lays-Pho-mai-x-160-goi.jpg ! alt :  ! title : 6k-Lays Phô mai x 160 gói ! desc :  ! caption : ,simple,,Bánh kẹo,,,,,,,,,,
Lays Tự nhiên x42g,6604,1N123022163,,10000,,,instock,https://minhkhue.vn/wp-content/uploads/2023/07/Lays-Tu-nhien-35g.jpg ! alt :  ! title : Lays Tự nhiên 35g ! desc :  ! caption : ,simple,,Bánh kẹo,,,,,,,,,,
Lays Nấm Truffle 42g,6605,1N123052188,,10000,,,instock,https://minhkhue.vn/wp-content/uploads/2023/07/Lays-Nam-Truffle-42g.jpg ! alt :  ! title : Lays Nấm Truffle 42g ! desc :  ! caption : ,simple,,Bánh kẹo,,,,,,,,,,
Lays Sườn BBQ 42g,6606,1S123002163,,10000,,,instock,https://minhkhue.vn/wp-content/uploads/2023/07/Lays-Suon-BBQ-42g.jpg ! alt :  ! title : Lays Sườn BBQ 42g ! desc :  ! caption : ,simple,,Bánh kẹo,,,,,,,,,,
Lays Tảo biển 42g,6607,1T123041163,,10000,,,instock,https://minhkhue.vn/wp-content/uploads/2023/07/Lays-Tao-bien-35g.jpg ! alt :  ! title : Lays Tảo biển 35g ! desc :  ! caption : ,simple,,Bánh kẹo,,,,,,,,,,
Lays Bò Wagyu 42g,6608,1W123051188,,10000,,,instock,https://minhkhue.vn/wp-content/uploads/2023/07/Lays-Bo-Wagyu-70g.jpg ! alt :  ! title : Lays Bò Wagyu 70g ! desc :  ! caption : ,simple,,Bánh kẹo,,,,,,,,,,
Lays Thăn Bò nướng 90g,6609,20B123039152,,21000,,,instock,https://minhkhue.vn/wp-content/uploads/2023/07/Lays-Than-Bo-nuong-90g.jpg ! alt :  ! title : Lays Thăn Bò nướng 90g ! desc :  ! caption : ,simple,,Bánh kẹo,,,,,,,,,,
Lays Bò Wagyu 70g,6610,20B123039153,,21000,,,instock,https://minhkhue.vn/wp-content/uploads/2023/07/Lays-Bo-Wagyu-42g.jpg ! alt :  ! title : Lays Bò Wagyu 42g ! desc :  ! caption : ,simple,,Bánh kẹo,,,,,,,,,,
Lays Gà cay Phô mai 90,6611,20G123048152,,21000,,,instock,https://minhkhue.vn/wp-content/uploads/2023/07/Lays-Ga-cay-Pho-mai-90.jpg ! alt :  ! title : Lays Gà cay Phô mai 90 ! desc :  ! caption : ,simple,,Bánh kẹo,,,,,,,,,,
Lays MAX Kem hành 75g,6612,20K123438041,,21000,,,instock,https://minhkhue.vn/wp-content/uploads/2023/07/Lays-MAX-Kem-hanh-75g.jpg ! alt :  ! title : Lays MAX Kem hành 75g ! desc :  ! caption : ,simple,,Bánh kẹo,,,,,,,,,,
Lays Phô Mai 90g,6613,20M123205152,,21000,,,instock,https://minhkhue.vn/wp-content/uploads/2023/07/Lays-Pho-Mai-90g.jpg ! alt :  ! title : Lays Phô Mai 90g ! desc :  ! caption : ,simple,,Bánh kẹo,,,,,,,,,,
Lays Tự nhiên Classic 90g,6614,20N123206152,,21000,,,instock,https://minhkhue.vn/wp-content/uploads/2023/07/Lays-Tu-nhien-Classic-90g.jpg ! alt :  ! title : Lays Tự nhiên Classic 90g ! desc :  ! caption : ,simple,,Bánh kẹo,,,,,,,,,,
Lays Sườn nướng BBQ 90g,6615,20S123213152,,21000,,,instock,https://minhkhue.vn/wp-content/uploads/2023/07/Lays-Suon-nuong-BBQ-90g.jpg ! alt :  ! title : Lays Sườn nướng BBQ 90g ! desc :  ! caption : ,simple,,Bánh kẹo,,,,,,,,,,
Lays Tảo biển Nori 90g,6616,20T123041152,,21000,,,instock,https://minhkhue.vn/wp-content/uploads/2023/07/Lays-Tao-bien-Nori-90g.jpg ! alt :  ! title : Lays Tảo biển Nori 90g ! desc :  ! caption : ,simple,,Bánh kẹo,,,,,,,,,,
Poca Bò lúc lắc 30g,6617,5B120103151,,5000,,,instock,https://minhkhue.vn/wp-content/uploads/2023/07/Poca-Bo-Luc-Lac-65g-1.jpg ! alt :  ! title : Poca Bò Lúc Lắc 65g ! desc :  ! caption : ,simple,,Bánh kẹo,,,,,,,,,,
Poca Bắp ngọt 30g,6618,5B120132151,,5000,,,instock,https://minhkhue.vn/wp-content/uploads/2023/07/Poca-Bap-Ngot-65g.jpg ! alt :  ! title : Poca Bắp Ngọt 65g ! desc :  ! caption : ,simple,,Bánh kẹo,,,,,,,,,,
Poca Bí đỏ 30g,6619,5B120139167,,5000,,,instock,https://minhkhue.vn/wp-content/uploads/2023/07/Poca-Bi-do-30g.jpg ! alt :  ! title : Poca Bí đỏ 30g ! desc :  ! caption : ,simple,,Bánh kẹo,,,,,,,,,,
Poca Gà Quay 30g,6620,5G120124151,,5000,,,instock,https://minhkhue.vn/wp-content/uploads/2023/07/Poca-Ga-Quay-30g.jpg ! alt :  ! title : Poca Gà Quay 30g ! desc :  ! caption : ,simple,,Bánh kẹo,,,,,,,,,,
Poca Mực lăn 30g,6621,5M120118151,,5000,,,instock,https://minhkhue.vn/wp-content/uploads/2023/07/Poca-Muc-lan-30g.jpg ! alt :  ! title : Poca Mực lăn 30g ! desc :  ! caption : ,simple,,Bánh kẹo,,,,,,,,,,
Poca Mực cay 30g,6622,5M12013683,,5000,,,instock,https://minhkhue.vn/wp-content/uploads/2023/07/Poca-Muc-cay-30g.jpg ! alt :  ! title : Poca Mực cay 30g ! desc :  ! caption : ,simple,,Bánh kẹo,,,,,,,,,,
Poca Phồng Tôm 30g,6623,5PT120501121,,5000,,,instock,https://minhkhue.vn/wp-content/uploads/2023/07/Poca-Phong-Tom-30g-1.jpg ! alt :  ! title : Poca Phồng Tôm 30g ! desc :  ! caption : ,simple,,Bánh kẹo,,,,,,,,,,
Poca Que giòn 30g,6624,5Q120137160,,5000,,,instock,https://minhkhue.vn/wp-content/uploads/2023/07/Poca-Que-gion-35g.jpg ! alt :  ! title : Poca Que giòn 35g ! desc :  ! caption : ,simple,,Bánh kẹo,,,,,,,,,,
Poca Que Phô mai 35g,6625,5Q120138160,,5000,,,instock,https://minhkhue.vn/wp-content/uploads/2023/07/Poca-Que-Pho-mai-35g.jpg ! alt :  ! title : Poca Que Phô mai 35g ! desc :  ! caption : ,simple,,Bánh kẹo,,,,,,,,,,
Poca Tôm Hùm 30g,6626,5T120102151,,5000,,,instock,https://minhkhue.vn/wp-content/uploads/2023/07/Poca-Tom-Hum-30g.jpg ! alt :  ! title : Poca Tôm Hùm 30g ! desc :  ! caption : ,simple,,Bánh kẹo,,,,,,,,,,
Lays Thăn bò 35g,6627,6B123039028,,5000,,,instock,https://minhkhue.vn/wp-content/uploads/2023/07/Lays-Than-bo-35g.jpg ! alt :  ! title : Lays Thăn bò 35g ! desc :  ! caption : ,simple,,Bánh kẹo,,,,,,,,,,
Lays Gà Cay Hàn Quốc 35g,6629,6G123048017,,5000,,,instock,https://minhkhue.vn/wp-content/uploads/2023/07/Lays-Ga-Cay-Han-Quoc-35g.jpg ! alt :  ! title : Lays Gà Cay Hàn Quốc 35g ! desc :  ! caption : ,simple,,Bánh kẹo,,,,,,,,,,
Lays Phô mai 35g,6631,6M123035024,,6000,,,instock,https://minhkhue.vn/wp-content/uploads/2023/07/6k-Lays-Pho-mai-x-160-goi.jpg ! alt :  ! title : 6k-Lays Phô mai x 160 gói ! desc :  ! caption : ,simple,,Bánh kẹo,,,,,,,,,,
Lays Tự nhiên 35g,6632,6N123020024,,6000,,,instock,https://minhkhue.vn/wp-content/uploads/2023/07/Lays-Tu-nhien-35g.jpg ! alt :  ! title : Lays Tự nhiên 35g ! desc :  ! caption : ,simple,,Bánh kẹo,,,,,,,,,,
Lays Sườn BBQ 35g,6634,6S123013024,,6000,,,instock,https://minhkhue.vn/wp-content/uploads/2023/07/Lays-Suon-BBQ-35g.jpg ! alt :  ! title : Lays Sườn BBQ 35g ! desc :  ! caption : ,simple,,Bánh kẹo,,,,,,,,,,
Lays Tảo biển 35g,6635,6T123041024,,6000,,,instock,https://minhkhue.vn/wp-content/uploads/2023/07/Lays-Tao-bien-35g.jpg ! alt :  ! title : Lays Tảo biển 35g ! desc :  ! caption : ,simple,,Bánh kẹo,,,,,,,,,,
Poca Bò Lúc Lắc 65g,6636,P1B120103175,,10000,,,instock,https://minhkhue.vn/wp-content/uploads/2023/07/Poca-Bo-Luc-Lac-65g-1.jpg ! alt :  ! title : Poca Bò Lúc Lắc 65g ! desc :  ! caption : ,simple,,Bánh kẹo,,,,,,,,,,
Poca Bắp Ngọt 65g,6637,P1B120132193,,10000,,,instock,https://minhkhue.vn/wp-content/uploads/2023/07/Poca-Bap-Ngot-65g.jpg ! alt :  ! title : Poca Bắp Ngọt 65g ! desc :  ! caption : ,simple,featured,Bánh kẹo,,,,,,,,,,
Poca Gà Quay 65g,6638,P1G120124184,,10000,,,instock,https://minhkhue.vn/wp-content/uploads/2023/07/Poca-Ga-Quay-65g.jpg ! alt :  ! title : Poca Gà Quay 65g ! desc :  ! caption : ,simple,,Bánh kẹo,,,,,,,,,,
Poca Mực Lăn 65g,6639,P1M120135175,,10000,,,instock,https://minhkhue.vn/wp-content/uploads/2023/07/Poca-Muc-Lan-65g.jpg ! alt :  ! title : Poca Mực Lăn 65g ! desc :  ! caption : ,simple,,Bánh kẹo,,,,,,,,,,
Poca Phồng Tôm 60g,6640,P1P120501194,,10000,,,instock,https://minhkhue.vn/wp-content/uploads/2023/07/Poca-Phong-Tom-60g.jpg ! alt :  ! title : Poca Phồng Tôm 60g ! desc :  ! caption : ,simple,,Bánh kẹo,,,,,,,,,,
Poca Que BBQ 60g,6641,P1Q120137184,,10000,,,instock,https://minhkhue.vn/wp-content/uploads/2023/07/Poca-Que-BBQ-60g.jpg ! alt :  ! title : Poca Que BBQ 60g ! desc :  ! caption : ,simple,,Bánh kẹo,,,,,,,,,,
Poca Tôm Nướng 60g,6642,P1T102135177,,10000,,,instock,https://minhkhue.vn/wp-content/uploads/2023/07/Poca-Tom-Nuong-60g.jpg ! alt :  ! title : Poca Tôm Nướng 60g ! desc :  ! caption : ,simple,,Bánh kẹo,,,,,,,,,,
Mì 3 Miền Chay Lá Đa,6643,301000007,,80000,,,instock,https://minhkhue.vn/wp-content/uploads/2023/07/MI-CHAY-65G-3.jpg ! alt :  ! title : MÌ CHAY 65G 3 ! desc :  ! caption :  | https://minhkhue.vn/wp-content/uploads/2023/07/MI-CHAY-65G-2.jpg ! alt :  ! title : MÌ CHAY 65G 2 ! desc :  ! caption : ,simple,,Thực phẩm ăn liền,Mì 3 Miền Chay Lá Đa,,,,,,,,,
MÌ 3 miền tôm chua cay 3 cấp độ thùng 30 gói,6645,301000021,,116000,,,instock,https://minhkhue.vn/wp-content/uploads/2023/07/sanpham_3mien_chuacay3capdo.png ! alt :  ! title : sanpham_3mien_chuacay3capdo ! desc :  ! caption : ,simple,,Thực phẩm ăn liền,MÌ 3 miền tôm chua cay 3 cấp độ thùng 30 gói,,,,,,,,,
Mì 3 Miền Gold bò hầm rau thơm thùng 30 gói 75g,6646,301000022,,116000,,,instock,https://minhkhue.vn/wp-content/uploads/2023/07/z4498759071505_90a4830c870719a2d0654bb7b4710963.jpg ! alt :  ! title : z4498759071505_90a4830c870719a2d0654bb7b4710963 ! desc :  ! caption :  | https://minhkhue.vn/wp-content/uploads/2023/07/S90c502cd776e4adb87c6c38d1f9d953ad.jpg_200x200q80.jpg_.webp ! alt :  ! title : S90c502cd776e4adb87c6c38d1f9d953ad.jpg_200x200q80.jpg_ ! desc :  ! caption : ,simple,,Thực phẩm ăn liền,Mì 3 Miền Gold Bò Hầm Rau Thơm,,,,,,,,,
Mì 3 Miền Gold tôm chua cay đặc biệt 30 gói 75g,6647,301000024,,116000,,,instock,https://minhkhue.vn/wp-content/uploads/2023/07/z4498774772892_0cb4dd964af73fb262b8fd8e353a9b9b.jpg ! alt :  ! title : z4498774772892_0cb4dd964af73fb262b8fd8e353a9b9b ! desc :  ! caption :  | https://minhkhue.vn/wp-content/uploads/2023/07/z4498759066744_f49fdea5c13d8072605c687d4aea35de-1.jpg ! alt :  ! title : z4498759066744_f49fdea5c13d8072605c687d4aea35de (1) ! desc :  ! caption :  | https://minhkhue.vn/wp-content/uploads/2023/07/z4498759069617_0191a8ac22c89ad0f3e7c5f321f13055.jpg ! alt :  ! title : z4498759069617_0191a8ac22c89ad0f3e7c5f321f13055 ! desc :  ! caption : ,simple,featured,Thực phẩm ăn liền,Thùng mì 3 Miền Gold tôm chua cay đặc biệt 3X 30 gói 75g,,,,,,,,,
Mì Reeva Lẩu Nấm Chua Cay Gói 85G,6648,301000030,,215000,,,instock,https://minhkhue.vn/wp-content/uploads/2023/07/z4498759046702_9eaf66d2251816178c39ac718320547a.jpg ! alt :  ! title : z4498759046702_9eaf66d2251816178c39ac718320547a ! desc :  ! caption :  | https://minhkhue.vn/wp-content/uploads/2023/07/z4498759047776_2cb068d92fc1c1d2aed7f1538fe5e08f-1.jpg ! alt :  ! title : z4498759047776_2cb068d92fc1c1d2aed7f1538fe5e08f (1) ! desc :  ! caption : ,simple,,Thực phẩm ăn liền,Thùng Mì Reeva Lẩu Nấm Chua Cay Gói 85G,,,,,,,,,
Mì 3 Miền tôm chua cay ,6649,301000055,,80000,,,instock,https://minhkhue.vn/wp-content/uploads/2023/07/MI-65G-CHUA-3.jpg ! alt :  ! title : MÌ 65G CHUA 3 ! desc :  ! caption :  | https://minhkhue.vn/wp-content/uploads/2023/07/MI-65G-CHUA-1.jpg ! alt :  ! title : MÌ 65G CHUA 1 ! desc :  ! caption :  | https://minhkhue.vn/wp-content/uploads/2023/07/MI-65G-CHUA-2.jpg ! alt :  ! title : MÌ 65G CHUA 2 ! desc :  ! caption : ,simple,,Thực phẩm ăn liền,,,,,,,,,,
Mì Reeva Fresh Lẩu nấm chua ca,6650,301000059,,215000,,,instock,https://minhkhue.vn/wp-content/uploads/2023/07/z4498759046702_9eaf66d2251816178c39ac718320547a-1.jpg ! alt :  ! title : z4498759046702_9eaf66d2251816178c39ac718320547a ! desc :  ! caption :  | https://minhkhue.vn/wp-content/uploads/2023/07/z4498759047776_2cb068d92fc1c1d2aed7f1538fe5e08f-1-1.jpg ! alt :  ! title : z4498759047776_2cb068d92fc1c1d2aed7f1538fe5e08f (1) ! desc :  ! caption : ,simple,,Thực phẩm ăn liền,,,,,,,,,,
Mì 3 Miền Tôm Hùm,6653,301000063,,80000,,,instock,https://minhkhue.vn/wp-content/uploads/2023/07/MI-65G-TOM-HUM-1.jpg ! alt :  ! title : MÌ 65G TÔM HÙM 1 ! desc :  ! caption : ,simple,featured,Thực phẩm ăn liền,Mì 3 Miền Tôm Hùm,,,,,,,,,
Nước Chấm Cá Cơm 3 Miền 800ml,6656,304000006,,19000,,,instock,https://minhkhue.vn/wp-content/uploads/2023/07/z4498759066354_c6924f2c4b217ab42986d5546f106318.jpg ! alt :  ! title : z4498759066354_c6924f2c4b217ab42986d5546f106318 ! desc :  ! caption : ,simple,,Gia vị,Nước Chấm Cá Cơm 3 Miền 800ml,,,,,,,,,
Thùng Trà Trái Cây Boncha Mật Ong Vị Tắc 450ml,6657,305000003,,190000,,,instock,https://minhkhue.vn/wp-content/uploads/2023/07/z4498759059526_f7907e4ac2524252b69b4f73090d7f4c-1.jpg ! alt :  ! title : z4498759059526_f7907e4ac2524252b69b4f73090d7f4c (1) ! desc :  ! caption :  | https://minhkhue.vn/wp-content/uploads/2023/07/z4498759054454_737a5cad21c01dcb339b36ad357b5bab.jpg ! alt :  ! title : z4498759054454_737a5cad21c01dcb339b36ad357b5bab ! desc :  ! caption : ,simple,,Đồ uống - giải khát,Thùng Trà Trái Cây Boncha Mật Ong Vị Tắc 450ml,,,,,,,,,
Sữa Hà Lan Bịch 220ml - Có Đường,6658,HLBĐ220,,291000,,,instock,https://minhkhue.vn/wp-content/uploads/2023/07/Sua-Ha-Lan-Bich-220ml-Co-Duong3.webp ! alt :  ! title : Sữa Hà Lan Bịch 220ml - Có Đường3 ! desc :  ! caption :  | https://minhkhue.vn/wp-content/uploads/2023/07/Sua-Ha-Lan-Bich-220ml-Co-Duong1.jpg ! alt :  ! title : Sữa Hà Lan Bịch 220ml - Có Đường1 ! desc :  ! caption :  | https://minhkhue.vn/wp-content/uploads/2023/07/Sua-Ha-Lan-Bich-220ml-Co-Duong.png ! alt :  ! title : Sữa Hà Lan Bịch 220ml - Có Đường ! desc :  ! caption :  | https://minhkhue.vn/wp-content/uploads/2023/07/Sua-Ha-Lan-Bich-220ml-Co-Duong2.jpg ! alt :  ! title : Sữa Hà Lan Bịch 220ml - Có Đường2 ! desc :  ! caption : ,simple,,Sữa và dinh dưỡng,,,,,,,,,,
Sữa Hà Lan Hộp 180ml - Có Đường,6659,HLHĐ180,,321000,,,instock,https://minhkhue.vn/wp-content/uploads/2023/07/Sua-Ha-Lan-Hop-180ml-Co-Duong.jpg ! alt :  ! title : Sữa Hà Lan Hộp 180ml - Có Đường ! desc :  ! caption :  | https://minhkhue.vn/wp-content/uploads/2023/07/Sua-Ha-Lan-Hop-180ml-Co-Duong3.jpg ! alt :  ! title : Sữa Hà Lan Hộp 180ml - Có Đường3 ! desc :  ! caption :  | https://minhkhue.vn/wp-content/uploads/2023/07/Sua-Ha-Lan-Hop-180ml-Co-Duong2.webp ! alt :  ! title : Sữa Hà Lan Hộp 180ml - Có Đường2 ! desc :  ! caption :  | https://minhkhue.vn/wp-content/uploads/2023/07/Sua-Ha-Lan-Hop-180ml-Co-Duong1.jpg ! alt :  ! title : Sữa Hà Lan Hộp 180ml - Có Đường1 ! desc :  ! caption : ,simple,,Sữa và dinh dưỡng,,,,,,,,,,
Sữa Milo Hộp 180ml,6660,MLH180,,347000,,,instock,https://minhkhue.vn/wp-content/uploads/2023/07/Sua-Milo-Hop-180ml3.jpg ! alt :  ! title : Sữa Milo Hộp 180ml3 ! desc :  ! caption :  | https://minhkhue.vn/wp-content/uploads/2023/07/Sua-Milo-Hop-180ml.webp ! alt :  ! title : Sữa Milo Hộp 180ml ! desc :  ! caption :  | https://minhkhue.vn/wp-content/uploads/2023/07/Sua-Milo-Hop-180ml2.jpg ! alt :  ! title : Sữa Milo Hộp 180ml2 ! desc :  ! caption :  | https://minhkhue.vn/wp-content/uploads/2023/07/Sua-Milo-Hop-180ml1.jpg ! alt :  ! title : Sữa Milo Hộp 180ml1 ! desc :  ! caption : ,simple,,Sữa và dinh dưỡng,,,,,,,,,,
Sữa Su Su Lọ 80ml - Cam,6661,SSC80,,166000,,,instock,https://minhkhue.vn/wp-content/uploads/2023/07/Sua-Su-Su-Lo-80ml-cam.webp ! alt :  ! title : Sữa Su Su Lọ 80ml - cam ! desc :  ! caption :  | https://minhkhue.vn/wp-content/uploads/2023/07/Sua-Su-Su-Lo-80ml-cam1.jpg ! alt :  ! title : Sữa Su Su Lọ 80ml - cam1 ! desc :  ! caption :  | https://minhkhue.vn/wp-content/uploads/2023/07/Sua-Su-Su-Lo-80ml-cam2.jpg ! alt :  ! title : Sữa Su Su Lọ 80ml - cam2 ! desc :  ! caption :  | https://minhkhue.vn/wp-content/uploads/2023/07/Sua-Su-Su-Lo-80ml-cam33.jpg ! alt :  ! title : Sữa Su Su Lọ 80ml - cam33 ! desc :  ! caption : ,simple,,Sữa và dinh dưỡng,,,,,,,,,,
Sữa Su Su Lọ 80ml - Dâu,6662,SSD80,,166000,,,instock,https://minhkhue.vn/wp-content/uploads/2023/07/Sua-Su-Su-Lo-80ml-dau.webp ! alt :  ! title : Sữa Su Su Lọ 80ml - dâu ! desc :  ! caption :  | https://minhkhue.vn/wp-content/uploads/2023/07/Sua-Su-Su-Lo-80ml-dau3.jpg ! alt :  ! title : Sữa Su Su Lọ 80ml - dâu3 ! desc :  ! caption :  | https://minhkhue.vn/wp-content/uploads/2023/07/Sua-Su-Su-Lo-80ml-dau2.jpg ! alt :  ! title : Sữa Su Su Lọ 80ml - dâu2 ! desc :  ! caption :  | https://minhkhue.vn/wp-content/uploads/2023/07/Sua-Su-Su-Lo-80ml-dau1.webp ! alt :  ! title : Sữa Su Su Lọ 80ml - dâu1 ! desc :  ! caption : ,simple,,Sữa và dinh dưỡng,,,,,,,,,,
Sữa Su Su Lọ 80ml - Táo,6663,SST80,,166000,,,instock,https://minhkhue.vn/wp-content/uploads/2023/07/Sua-Su-Su-Lo-80ml-Tao.jpg ! alt :  ! title : Sữa Su Su Lọ 80ml - Táo ! desc :  ! caption :  | https://minhkhue.vn/wp-content/uploads/2023/07/Sua-Su-Su-Lo-80ml-Tao1.webp ! alt :  ! title : Sữa Su Su Lọ 80ml - Táo1 ! desc :  ! caption :  | https://minhkhue.vn/wp-content/uploads/2023/07/Sua-Su-Su-Lo-80ml-Tao2.webp ! alt :  ! title : Sữa Su Su Lọ 80ml - Táo2 ! desc :  ! caption : ,simple,,Sữa và dinh dưỡng,,,,,,,,,,
Sữa Vinamilk Bịch 220ml - Có Đường,6664,VBĐ220,,322000,,,instock,https://minhkhue.vn/wp-content/uploads/2023/07/vnm-bich-duong-x48x2203.webp ! alt :  ! title : vnm bịch đường x48x2203 ! desc :  ! caption :  | https://minhkhue.vn/wp-content/uploads/2023/07/VNM-Bich-Duong-x48x220ML.jpg ! alt :  ! title : VNM Bịch Đường x48x220ML ! desc :  ! caption :  | https://minhkhue.vn/wp-content/uploads/2023/07/vnm-bich-duong-x48x2202.png ! alt :  ! title : vnm bịch đường x48x2202 ! desc :  ! caption : ,simple,,Sữa và dinh dưỡng,,,,,,,,,,
Sữa Vinamilk Bịch 220ml - Không Đường,6665,VBKĐ220,,322000,,,instock,https://minhkhue.vn/wp-content/uploads/2023/07/VNM-Bich-K-Duong-x48x220ML2.jpg ! alt :  ! title : VNM Bịch K Đường x48x220ML2 ! desc :  ! caption :  | https://minhkhue.vn/wp-content/uploads/2023/07/VNM-Bich-K-Duong-x48x220ML1.jpg ! alt :  ! title : VNM Bịch K Đường x48x220ML1 ! desc :  ! caption :  | https://minhkhue.vn/wp-content/uploads/2023/07/VNM-Bich-K-Duong-x48x220ML.jpg ! alt :  ! title : VNM Bịch K Đường x48x220ML ! desc :  ! caption : ,simple,,Sữa và dinh dưỡng,,,,,,,,,,
Sữa Vinamilk Hộp 1L - Có Đường,6666,VH1LĐ,,374000,,,instock,https://minhkhue.vn/wp-content/uploads/2023/07/Sua-Vinamilk-Hop-1L-Co-Duong2.jpg ! alt :  ! title : Sữa Vinamilk Hộp 1L - Có Đường2 ! desc :  ! caption :  | https://minhkhue.vn/wp-content/uploads/2023/07/Sua-Vinamilk-Hop-1L-Co-Duong1.webp ! alt :  ! title : Sữa Vinamilk Hộp 1L - Có Đường1 ! desc :  ! caption :  | https://minhkhue.vn/wp-content/uploads/2023/07/Sua-Vinamilk-Hop-1L-Co-Duong-3.jpg ! alt :  ! title : Sữa Vinamilk Hộp 1L - Có Đường ! desc :  ! caption : ,simple,,Sữa và dinh dưỡng,,,,,,,,,,
Sữa Vinamilk Hộp 1L - Không Đường,6667,VH1LKĐ,,374000,,,instock,https://minhkhue.vn/wp-content/uploads/2023/07/Sua-Vinamilk-Hop-1L-Khong-Duong.webp ! alt :  ! title : Sữa Vinamilk Hộp 1L - Không Đường ! desc :  ! caption :  | https://minhkhue.vn/wp-content/uploads/2023/07/Sua-Vinamilk-Hop-1L-Khong-Duong1.jpg ! alt :  ! title : Sữa Vinamilk Hộp 1L - Không Đường1 ! desc :  ! caption :  | https://minhkhue.vn/wp-content/uploads/2023/07/Sua-Vinamilk-Hop-1L-Khong-Duong2.webp ! alt :  ! title : Sữa Vinamilk Hộp 1L - Không Đường2 ! desc :  ! caption : ,simple,,Sữa và dinh dưỡng,,,,,,,,,,
Sữa Vinamilk Hộp 110ml - Có Đường,6668,VHĐ110,,222000,,,instock,https://minhkhue.vn/wp-content/uploads/2023/07/VNM-Hop-Duong-nho-48x110ml-1.png ! alt :  ! title : VNM Hộp Đường nhỏ 48x110ml ! desc :  ! caption :  | https://minhkhue.vn/wp-content/uploads/2023/07/Sua-Vinamilk-Hop-110ml-Co-Duong1.jpg ! alt :  ! title : Sữa Vinamilk Hộp 110ml - Có Đường1 ! desc :  ! caption :  | https://minhkhue.vn/wp-content/uploads/2023/07/Sua-Vinamilk-Hop-110ml-Co-Duong3.jpg ! alt :  ! title : Sữa Vinamilk Hộp 110ml - Có Đường3 ! desc :  ! caption :  | https://minhkhue.vn/wp-content/uploads/2023/07/VNM-Hop-Duong-nho-48x110ml1-1.webp ! alt :  ! title : VNM Hộp Đường nhỏ 48x110ml1 ! desc :  ! caption : ,simple,featured,Sữa và dinh dưỡng,,,,,,,,,,
Sữa Vinamilk Hộp 180ml - Có Đường,6669,VHĐ180,,343000,,,instock,https://minhkhue.vn/wp-content/uploads/2023/07/VNM-Hop-Duong-nho-48x110ml.png ! alt :  ! title : VNM Hộp Đường nhỏ 48x110ml ! desc :  ! caption :  | https://minhkhue.vn/wp-content/uploads/2023/07/VNM-Hop-Duong-nho-48x110ml1.webp ! alt :  ! title : VNM Hộp Đường nhỏ 48x110ml1 ! desc :  ! caption : ,simple,,Sữa và dinh dưỡng,,,,,,,,,,
Sữa Đặc Sao Giấy - Nhỏ ( 24 Hộp x 380G ),6670,VPNG380,,458000,,,instock,https://minhkhue.vn/wp-content/uploads/2023/07/VNM-sua-dac-phuong-nam-380g.jpg ! alt :  ! title : VNM sữa đặc phương nam 380g ! desc :  ! caption :  | https://minhkhue.vn/wp-content/uploads/2023/07/VNM-sua-dac-phuong-nam-380g2.jpg ! alt :  ! title : VNM sữa đặc phương nam 380g2 ! desc :  ! caption :  | https://minhkhue.vn/wp-content/uploads/2023/07/VNM-sua-dac-phuong-nam-380g1.jpg ! alt :  ! title : VNM sữa đặc phương nam 380g1 ! desc :  ! caption :  | https://minhkhue.vn/wp-content/uploads/2023/07/VNM-sua-dac-phuong-nam-380g3.webp ! alt :  ! title : VNM sữa đặc phương nam 380g3 ! desc :  ! caption : ,simple,,Sữa và dinh dưỡng,,,,,,,,,,
Sữa Đặc Sao Giấy - Lớn ( 12 Hộp x 1.284kg ),6671,VPNK1284,,733000,,,instock,https://minhkhue.vn/wp-content/uploads/2023/07/Sao-PN-Ki.jpg ! alt :  ! title : Sao PN Kí ! desc :  ! caption :  | https://minhkhue.vn/wp-content/uploads/2023/07/Sua-Dac-Sao-Giay-kg2.webp ! alt :  ! title : Sữa Đặc Sao Giấy kg2 ! desc :  ! caption :  | https://minhkhue.vn/wp-content/uploads/2023/07/Sua-Dac-Sao-Giay-kg1.webp ! alt :  ! title : Sữa Đặc Sao Giấy kg1 ! desc :  ! caption : ,simple,featured,Sữa và dinh dưỡng,,,,,,,,,,
Sữa Yomost Cam 170ml,6672,YMC170,,321000,,,instock,https://minhkhue.vn/wp-content/uploads/2023/07/Sua-Yomost-Cam-170ml2.jpg ! alt :  ! title : Sữa Yomost Cam 170ml2 ! desc :  ! caption :  | https://minhkhue.vn/wp-content/uploads/2023/07/Sua-Yomost-Cam-170ml3.jpg ! alt :  ! title : Sữa Yomost Cam 170ml3 ! desc :  ! caption :  | https://minhkhue.vn/wp-content/uploads/2023/07/Sua-Yomost-Cam-170ml1.webp ! alt :  ! title : Sữa Yomost Cam 170ml1 ! desc :  ! caption :  | https://minhkhue.vn/wp-content/uploads/2023/07/Sua-Yomost-Cam-170ml.jpg ! alt :  ! title : Sữa Yomost Cam 170ml ! desc :  ! caption : ,simple,,Sữa và dinh dưỡng,,,,,,,,,,
Sữa Yomost Dâu 170ml,6673,YMD170,,321000,,,instock,https://minhkhue.vn/wp-content/uploads/2023/07/Sua-Yomost-Dau-170ml2.webp ! alt :  ! title : Sữa Yomost Dâu 170ml2 ! desc :  ! caption :  | https://minhkhue.vn/wp-content/uploads/2023/07/Sua-Yomost-Dau-170ml3.jpg ! alt :  ! title : Sữa Yomost Dâu 170ml3 ! desc :  ! caption :  | https://minhkhue.vn/wp-content/uploads/2023/07/Sua-Yomost-Dau-170ml1.webp ! alt :  ! title : Sữa Yomost Dâu 170ml1 ! desc :  ! caption :  | https://minhkhue.vn/wp-content/uploads/2023/07/Sua-Yomost-Dau-170ml.jpg ! alt :  ! title : Sữa Yomost Dâu 170ml ! desc :  ! caption : ,simple,,Sữa và dinh dưỡng,,,,,,,,,,
Sữa KUN Socola Lúa Mạch 180mlx48,7228,SKHS,,310000,,,instock,https://minhkhue.vn/wp-content/uploads/2023/07/Sua-KUN-Socola-Lua-Mach-180mlx481.jpg ! alt :  ! title : Sữa KUN Socola Lúa Mạch 180mlx481 ! desc :  ! caption :  | https://minhkhue.vn/wp-content/uploads/2023/07/Sua-KUN-Socola-Lua-Mach-180mlx482.webp ! alt :  ! title : Sữa KUN Socola Lúa Mạch 180mlx482 ! desc :  ! caption :  | https://minhkhue.vn/wp-content/uploads/2023/07/Sua-KUN-Socola-Lua-Mach-180mlx483.jpg ! alt :  ! title : Sữa KUN Socola Lúa Mạch 180mlx483 ! desc :  ! caption :  | https://minhkhue.vn/wp-content/uploads/2023/07/Sua-KUN-Socola-Lua-Mach-180mlx48.jpg ! alt :  ! title : Sữa KUN Socola Lúa Mạch 180mlx48 ! desc :  ! caption : ,simple,,Sữa và dinh dưỡng,Sữa KUN Socola Lúa Mạch 180mlx48,,,,,,,,,
Sữa KUN Dâu 180mlx48,7235,SKHD,,310000,,,instock,https://minhkhue.vn/wp-content/uploads/2023/07/Sua-KUN-dau-180mlx48.jpg ! alt :  ! title : Sữa KUN dâu 180mlx48 ! desc :  ! caption :  | https://minhkhue.vn/wp-content/uploads/2023/07/Sua-KUN-dau-180mlx482.jpg ! alt :  ! title : Sữa KUN dâu 180mlx482 ! desc :  ! caption :  | https://minhkhue.vn/wp-content/uploads/2023/07/Sua-KUN-dau-180mlx483.jpg ! alt :  ! title : Sữa KUN dâu 180mlx483 ! desc :  ! caption :  | https://minhkhue.vn/wp-content/uploads/2023/07/Sua-KUN-dau-180mlx484.jpg ! alt :  ! title : Sữa KUN dâu 180mlx484 ! desc :  ! caption : ,simple,featured,Sữa và dinh dưỡng,Sữa KUN Socola Lúa Mạch 180mlx48,,,,,,,,,
Sữa KUN Cam 180mlx48,7242,SKHC,,310000,,,instock,https://minhkhue.vn/wp-content/uploads/2023/07/Sua-KUN-Cam-180mlx48.jpg ! alt :  ! title : Sữa KUN Cam 180mlx48 ! desc :  ! caption :  | https://minhkhue.vn/wp-content/uploads/2023/07/Sua-KUN-Cam-180mlx481.jpg ! alt :  ! title : Sữa KUN Cam 180mlx481 ! desc :  ! caption :  | https://minhkhue.vn/wp-content/uploads/2023/07/Sua-KUN-Cam-180mlx482.jpg ! alt :  ! title : Sữa KUN Cam 180mlx482 ! desc :  ! caption :  | https://minhkhue.vn/wp-content/uploads/2023/07/Sua-KUN-Cam-180mlx483.jpg ! alt :  ! title : Sữa KUN Cam 180mlx483 ! desc :  ! caption : ,simple,,Sữa và dinh dưỡng,Sữa KUN Cam 180mlx48,,,,,,,,,
Sữa KUN Nho 180mlx48,7249,SKHN,,310000,,,instock,https://minhkhue.vn/wp-content/uploads/2023/07/Sua-KUN-nho-180mlx481.jpg ! alt :  ! title : Sữa KUN nho 180mlx481 ! desc :  ! caption :  | https://minhkhue.vn/wp-content/uploads/2023/07/Sua-KUN-nho-180mlx482.jpg ! alt :  ! title : Sữa KUN nho 180mlx482 ! desc :  ! caption :  | https://minhkhue.vn/wp-content/uploads/2023/07/Sua-KUN-nho-180mlx48.jpg ! alt :  ! title : Sữa KUN nho 180mlx48 ! desc :  ! caption : ,simple,,Sữa và dinh dưỡng,Sữa KUN Nho 180mlx48,,,,,,,,,
Sữa KUN Trái Cây 180mlx48,7254,SKTC,,310000,,,instock,https://minhkhue.vn/wp-content/uploads/2023/07/Sua-KUN-trai-cay-180mlx484.jpg ! alt :  ! title : Sữa KUN trái cây 180mlx484 ! desc :  ! caption :  | https://minhkhue.vn/wp-content/uploads/2023/07/Sua-KUN-trai-cay-180mlx48-1.jpg ! alt :  ! title : Sữa KUN trái cây 180mlx48 ! desc :  ! caption :  | https://minhkhue.vn/wp-content/uploads/2023/07/Sua-KUN-trai-cay-180mlx481-1.jpg ! alt :  ! title : Sữa KUN trái cây 180mlx481 ! desc :  ! caption :  | https://minhkhue.vn/wp-content/uploads/2023/07/Sua-KUN-trai-cay-180mlx482-1.jpg ! alt :  ! title : Sữa KUN trái cây 180mlx482 ! desc :  ! caption :  | https://minhkhue.vn/wp-content/uploads/2023/07/Sua-KUN-trai-cay-180mlx483-1.jpg ! alt :  ! title : Sữa KUN trái cây 180mlx483 ! desc :  ! caption : ,simple,,Sữa và dinh dưỡng,Sữa KUN Trái Cây 180mlx48,,,,,,,,,
Sữa KUN Túi Nho 110mlx24,7265,SKTN,,104000,,,instock,https://minhkhue.vn/wp-content/uploads/2023/07/Sua-KUN-tui-vi-nho-110ml.jpg ! alt :  ! title : Sữa KUN túi vị nho 110ml ! desc :  ! caption :  | https://minhkhue.vn/wp-content/uploads/2023/07/Sua-KUN-tui-vi-nho-110ml2.jpg ! alt :  ! title : Sữa KUN túi vị nho 110ml2 ! desc :  ! caption :  | https://minhkhue.vn/wp-content/uploads/2023/07/Sua-KUN-tui-vi-nho-110ml1.jpg ! alt :  ! title : Sữa KUN túi vị nho 110ml1 ! desc :  ! caption : ,simple,featured,Sữa và dinh dưỡng,Sữa KUN Túi Nho 110mlx24,,,,,,,,,
Sữa KUN Túi Kem Dâu 110mlx24,7269,SKTD,,104000,,,instock,https://minhkhue.vn/wp-content/uploads/2023/07/Sua-KUN-Tui-Kem-Dau-110mlx242.jpg ! alt :  ! title : Sữa KUN Túi Kem Dâu 110mlx242 ! desc :  ! caption :  | https://minhkhue.vn/wp-content/uploads/2023/07/Sua-KUN-Tui-Kem-Dau-110mlx24.jpg ! alt :  ! title : Sữa KUN Túi Kem Dâu 110mlx24 ! desc :  ! caption :  | https://minhkhue.vn/wp-content/uploads/2023/07/Sua-KUN-Tui-Kem-Dau-110mlx241.jpg ! alt :  ! title : Sữa KUN Túi Kem Dâu 110mlx241 ! desc :  ! caption :  | https://minhkhue.vn/wp-content/uploads/2023/07/Sua-KUN-Tui-Kem-Dau-110mlx241.webp ! alt :  ! title : Sữa KUN Túi Kem Dâu 110mlx241 ! desc :  ! caption : ,simple,featured,Sữa và dinh dưỡng,Sữa KUN Túi Dâu 110mlx24,,,,,,,,,
Sữa KUN Túi Cam 110mlx24,7345,SKTD-1,,104000,,,instock,https://minhkhue.vn/wp-content/uploads/2023/07/Sua-KUN-Tui-Cam-110mlx24.jpg ! alt :  ! title : Sữa KUN Túi Cam 110mlx24 ! desc :  ! caption :  | https://minhkhue.vn/wp-content/uploads/2023/07/Sua-KUN-Tui-Cam-110mlx244.jpg ! alt :  ! title : Sữa KUN Túi Cam 110mlx244 ! desc :  ! caption :  | https://minhkhue.vn/wp-content/uploads/2023/07/Sua-KUN-Tui-Cam-110mlx242.jpeg ! alt :  ! title : Sữa KUN Túi Cam 110mlx242 ! desc :  ! caption :  | https://minhkhue.vn/wp-content/uploads/2023/07/Sua-KUN-Tui-Cam-110mlx241.jpg ! alt :  ! title : Sữa KUN Túi Cam 110mlx241 ! desc :  ! caption : ,simple,featured,Sữa và dinh dưỡng,Sữa KUN Túi Cam 110mlx24,,,,,,,,,
Sữa KUN Túi Socola Lúa Mạch 110mlx24,7350,SKTS,,104000,,,instock,https://minhkhue.vn/wp-content/uploads/2023/07/Sua-KUN-Tui-socola-110mlx24.jpg ! alt :  ! title : Sữa KUN Túi socola 110mlx24 ! desc :  ! caption :  | https://minhkhue.vn/wp-content/uploads/2023/07/Sua-KUN-Tui-socola-110mlx243.jpg ! alt :  ! title : Sữa KUN Túi socola 110mlx243 ! desc :  ! caption :  | https://minhkhue.vn/wp-content/uploads/2023/07/Sua-KUN-Tui-socola-110mlx242.jpg ! alt :  ! title : Sữa KUN Túi socola 110mlx242 ! desc :  ! caption :  | https://minhkhue.vn/wp-content/uploads/2023/07/Sua-KUN-Tui-socola-110mlx241.jpg ! alt :  ! title : Sữa KUN Túi socola 110mlx241 ! desc :  ! caption : ,simple,featured,Sữa và dinh dưỡng,Sữa KUN Túi Socola Lúa Mạch 110mlx24,,,,,,,,,
Trà Trái Cây Boncha Mật Ong Việt Quốc 450ml,7486,305000006,,190000,,,instock,https://minhkhue.vn/wp-content/uploads/2023/07/z4498759055771_293f4346ed49da0f5bc9f309940ff426-1-1.jpg ! alt :  ! title : z4498759055771_293f4346ed49da0f5bc9f309940ff426 (1) ! desc :  ! caption :  | https://minhkhue.vn/wp-content/uploads/2023/07/z4498759053377_0cf4effd1901be940ebb90f1635706b6.jpg ! alt :  ! title : z4498759053377_0cf4effd1901be940ebb90f1635706b6 ! desc :  ! caption : ,simple,,Đồ uống - giải khát,Thùng Trà Trái Cây Boncha Mật Ong Vị Tắc 450ml,,,,,,,,,
Trà Trái Cây Boncha Mật Ong Vị Chanh 450ml,7487,305000013,,190000,,,instock,https://minhkhue.vn/wp-content/uploads/2023/07/z4498759061371_cc4d48c3df8a0b211525675d645346dc-1.jpg ! alt :  ! title : z4498759061371_cc4d48c3df8a0b211525675d645346dc (1) ! desc :  ! caption :  | https://minhkhue.vn/wp-content/uploads/2023/07/z4498759052796_d5cfe1d6c321727562e514e63419114c.jpg ! alt :  ! title : z4498759052796_d5cfe1d6c321727562e514e63419114c ! desc :  ! caption : ,simple,,Đồ uống - giải khát,Thùng Trà Trái Cây Boncha Mật Ong Vị Chanh 450ml,,,,,,,,,
Nước Joco Vải Thạch Dừa 450ML,7504,306000002,,195000,,,instock,https://minhkhue.vn/wp-content/uploads/2023/07/z4498759060712_9662a5544536cbf36b1de90e7b881cb9-1.jpg ! alt :  ! title : z4498759060712_9662a5544536cbf36b1de90e7b881cb9 (1) ! desc :  ! caption : ,simple,,Đồ uống - giải khát,Thùng Nước Joco Vải Thạch Dừa 450ML,,,,,,,,,
Nước Joco Nho Thạch Dừa 450ML,7510,306000003,,195000,,,instock,https://minhkhue.vn/wp-content/uploads/2023/07/images-1-1.jpg ! alt :  ! title : images (1) ! desc :  ! caption :  | https://minhkhue.vn/wp-content/uploads/2023/07/download-11.jpg ! alt :  ! title : download ! desc :  ! caption : ,simple,,Đồ uống - giải khát,Thùng Nước Joco Nho Thạch Dừa 450ML,,,,,,,,,
Nước Joco-Chanh Dây 450ML,7514,306000000,,195000,,,instock,https://minhkhue.vn/wp-content/uploads/2023/07/images-4.jpg ! alt :  ! title : images ! desc :  ! caption :  | https://minhkhue.vn/wp-content/uploads/2023/07/download-11.jpg ! alt :  ! title : download ! desc :  ! caption : ,simple,,Đồ uống - giải khát,Thùng Nước Joco-Chanh Dây 450ML,,,,,,,,,
Nước Tăng Lực ABBEN Vị Việt Quất 330ml,7517,307000019,,180000,,,instock,https://minhkhue.vn/wp-content/uploads/2023/07/download-3-1.jpg ! alt :  ! title : download (3) ! desc :  ! caption :  | https://minhkhue.vn/wp-content/uploads/2023/07/download-4-1.jpg ! alt :  ! title : download (4) ! desc :  ! caption :  | https://minhkhue.vn/wp-content/uploads/2023/07/download-5-1.jpg ! alt :  ! title : download (5) ! desc :  ! caption :  | https://minhkhue.vn/wp-content/uploads/2023/07/z4498767531589_3630125300967ed07d50be0cd77ffe47.jpg ! alt :  ! title : z4498767531589_3630125300967ed07d50be0cd77ffe47 ! desc :  ! caption : ,simple,,Đồ uống - giải khát,Thùng Nước Tăng Lực ABBEN Vị Việt Quất 330ml,,,,,,,,,
Nước Tăng Lực ABBEN Vị Nguyên bản 330ml,7524,307000015,,180000,,,instock,https://minhkhue.vn/wp-content/uploads/2023/07/z4498767605319_fd18ed7d9d88da03c1fba9151806b24e.jpg ! alt :  ! title : z4498767605319_fd18ed7d9d88da03c1fba9151806b24e ! desc :  ! caption :  | https://minhkhue.vn/wp-content/uploads/2023/07/download-2-1.jpg ! alt :  ! title : download (2) ! desc :  ! caption :  | https://minhkhue.vn/wp-content/uploads/2023/07/download-4-2.jpg ! alt :  ! title : download (4) ! desc :  ! caption :  | https://minhkhue.vn/wp-content/uploads/2023/07/download-5-2.jpg ! alt :  ! title : download (5) ! desc :  ! caption :  | https://minhkhue.vn/wp-content/uploads/2023/07/z4498767627085_1c163402a5619dfd5a4b671bb31a3cc8.jpg ! alt :  ! title : z4498767627085_1c163402a5619dfd5a4b671bb31a3cc8 ! desc :  ! caption : ,simple,,Đồ uống - giải khát,Thùng Nước Tăng Lực ABBEN Vị Nguyên bản 330ml,,,,,,,,,
Nước Tăng Lực ABBEN Vị Dâu Tây 330ml,7525,307000016,,180000,,,instock,https://minhkhue.vn/wp-content/uploads/2023/07/z4498767587345_ab2d7fa07b0da480c3cf91f5affbf2fd.jpg ! alt :  ! title : z4498767587345_ab2d7fa07b0da480c3cf91f5affbf2fd ! desc :  ! caption :  | https://minhkhue.vn/wp-content/uploads/2023/07/download-4-1.jpg ! alt :  ! title : download (4) ! desc :  ! caption :  | https://minhkhue.vn/wp-content/uploads/2023/07/download-5-1.jpg ! alt :  ! title : download (5) ! desc :  ! caption :  | https://minhkhue.vn/wp-content/uploads/2023/07/z4498767513487_02a14d17ed67b5e7c5657601115611b9-Copy.jpg ! alt :  ! title : z4498767513487_02a14d17ed67b5e7c5657601115611b9 - Copy ! desc :  ! caption : ,simple,,Đồ uống - giải khát,Thùng Nước Tăng Lực ABBEN Vị Dâu Tây 330ml,,,,,,,,,
A1,,,,,,,,,,,Quà tặng,,,,,,,,,,
,,,,,,,,,,,Hoa,,,,,,,,,,